children_csv_name,fig_high,fig_low,x_electrode,y_electrode,torch_none,torch_left,torch_right,wire_none,wire_up,wire_down,wire_left,wire_right,osillation_None,osillation_out,osillation_in,osillation_move,osillation_out_stop,osillation_in_stop,welding_None,current_up,current_down,voltage_up,voltage_down,speed_up,speed_down,wire_feed_up,wire_feed_down,torch_control,wire_control,osillation_control,welding_control,current_pass_inner_or_center_or_outer,p_current,b_current,hot_wire,voltage,welding_speed,p_wire,b_wire,waving_width_out,waving_width_in,waving_moving_time,waving_stop_time_out,waving_stop_time_in,electlode_dia,electlode_shape,A_current_p_signal,A_osillation_out_signal,A_osillation_in_signal,A_welding_torch_position,A_current,A_voltage
20200205174815511_00003912_0_198.csv,20200205174815536_00003913_1_1190.jpg,20200205174815511_00003912_0_198.jpg,1114,575,1,0,0,0,0,0,0,1,1,0,0,0,0,0,1,0,0,0,0,0,0,0,0,0,4,0,0,2,230,150,0,84,70,800,500,0,0,50,50,50,1,1,0.004,-0.002,0,-0.074,1.587,2.136
20200205174851954_00005490_0_134.csv,20200205174851979_00005491_1_808.jpg,20200205174851954_00005490_0_134.jpg,1114,578,0,0,1,1,0,0,0,0,1,0,0,0,0,0,1,0,0,0,0,0,0,0,0,2,0,0,0,2,230,150,0,84,70,800,500,0,0,50,50,50,1,1,5.008,5.001,-0.001,-0.075,2.393,2.322
20200205174918920_00006657_0_124.csv,20200205174918943_00006658_1_748.jpg,20200205174918920_00006657_0_124.jpg,1114,575,1,0,0,1,0,0,0,0,1,0,0,0,0,0,0,0,0,0,1,0,0,0,0,0,0,0,4,2,230,150,0,83,70,800,500,0,0,50,50,50,1,1,4.998,0.008,4.993,-0.073,2.377,2.369
20200205175144150_00012942_0_137.csv,20200205175144173_00012943_1_823.jpg,20200205175144150_00012942_0_137.jpg,1114,570,0,1,0,1,0,0,0,0,1,0,0,0,0,0,1,0,0,0,0,0,0,0,0,1,0,0,0,2,230,150,0,83,70,800,500,0,0,50,50,50,1,1,-0.001,0.002,0.005,-0.075,2.311,2.243
20200205175617850_00024789_0_125.csv,20200205175617877_00024790_1_4518.jpg,20200205175617850_00024789_0_125.jpg,0,0,1,0,0,1,0,0,0,0,1,0,0,0,0,0,1,0,0,0,0,0,0,0,0,0,0,0,0,2,230,150,0,82,70,800,500,0,0,50,50,50,1,1,4.987,5.016,-0.003,-0.074,2.376,2.35
20200205180458522_00047325_0_196.csv,20200205180458547_00047326_1_1178.jpg,20200205180458522_00047325_0_196.jpg,0,0,1,0,0,1,0,0,0,0,1,0,0,0,0,0,1,0,0,0,0,0,0,0,0,0,0,0,0,2,230,150,0,81,70,800,500,0,0,50,50,50,1,1,-0.001,0,-0.002,-0.076,1.585,2.023
20200205180508574_00047760_0_192.csv,20200205180508599_00047761_1_1153.jpg,20200205180508574_00047760_0_192.jpg,0,0,1,0,0,1,0,0,0,0,1,0,0,0,0,0,1,0,0,0,0,0,0,0,0,0,0,0,0,2,230,150,0,81,70,800,500,0,0,50,50,50,1,1,0.003,0.001,-0.001,-0.078,1.589,2
20200205181155364_00065349_0_176.csv,20200205181155389_00065350_1_1056.jpg,20200205181155364_00065349_0_176.jpg,0,0,1,0,0,0,0,0,1,0,1,0,0,0,0,0,1,0,0,0,0,0,0,0,0,0,3,0,0,2,230,150,0,83,70,800,500,0,0,50,50,50,1,1,0.002,-0.002,0.002,-0.076,1.59,2.07
20200205181434517_00072231_0_173.csv,20200205181434542_00072232_1_1040.jpg,20200205181434517_00072231_0_173.jpg,0,0,1,0,0,0,1,0,0,0,1,0,0,0,0,0,1,0,0,0,0,0,0,0,0,0,1,0,0,2,230,150,0,81,70,800,500,0,0,50,50,50,1,1,-0.002,0.003,0.009,-0.074,1.589,2.054
20200205181455462_00073137_0_225.csv,20200205181455487_00073138_1_1353.jpg,20200205181455462_00073137_0_225.jpg,0,0,1,0,0,1,0,0,0,0,1,0,0,0,0,0,0,0,0,1,0,0,0,0,0,0,0,0,3,2,230,150,0,82,70,800,500,0,0,50,50,50,1,1,-0.003,-0.002,0.002,-0.073,1.592,2
20200205181516362_00074040_0_213.csv,20200205181516387_00074041_1_1278.jpg,20200205181516362_00074040_0_213.jpg,0,0,1,0,0,0,0,1,0,0,1,0,0,0,0,0,1,0,0,0,0,0,0,0,0,0,2,0,0,2,230,150,0,82,70,800,500,0,0,50,50,50,1,1,0.002,-0.001,0.015,-0.075,1.583,2.094
20200205230147708_00004422_0_129.csv,20200205230147732_00004423_1_774.jpg,20200205230147708_00004422_0_129.jpg,1114,599,1,0,0,1,0,0,0,0,1,0,0,0,0,0,1,0,0,0,0,0,0,0,0,0,0,0,0,2,230,150,0,80,70,800,500,0,0,50,50,50,1,1,5.014,4.997,0.004,-0.079,2.39,2.326
20200205230203348_00005097_0_199.csv,20200205230203373_00005098_1_1194.jpg,20200205230203348_00005097_0_199.jpg,1114,600,0,0,1,1,0,0,0,0,1,0,0,0,0,0,1,0,0,0,0,0,0,0,0,2,0,0,0,2,230,150,0,80,70,800,500,0,0,50,50,50,1,1,-0.001,0.001,0.005,-0.074,1.6,2.05
20200205231633543_00042699_0_144.csv,20200205231633566_00042700_1_868.jpg,20200205231633543_00042699_0_144.jpg,1131,604,0,1,0,1,0,0,0,0,1,0,0,0,0,0,1,0,0,0,0,0,0,0,0,1,0,0,0,2,230,150,0,80,70,800,500,0,0,50,50,50,1,1,4.998,4.997,0.006,-0.076,2.377,2.339
20200205232304576_00059598_0_141.csv,20200205232304601_00059599_1_848.jpg,20200205232304576_00059598_0_141.jpg,1131,598,1,0,0,1,0,0,0,0,1,0,0,0,0,0,1,0,0,0,0,0,0,0,0,0,0,0,0,2,230,150,0,80,70,800,500,0,0,50,50,50,1,1,5,0.001,4.997,-0.074,2.374,2.299
20200205233136200_00081699_0_184.csv,20200205233136225_00081700_1_1109.jpg,20200205233136200_00081699_0_184.jpg,1131,602,1,0,0,1,0,0,0,0,1,0,0,0,0,0,1,0,0,0,0,0,0,0,0,0,0,0,0,2,230,150,0,80,70,800,500,0,0,50,50,50,1,1,0.003,0.002,-0.008,-0.074,1.597,2.007
20200205233400396_00087930_0_1205.csv,20200205233400425_00087931_1_7235.jpg,20200205233400396_00087930_0_1205.jpg,1131,651,1,0,0,1,0,0,0,0,1,0,0,0,0,0,0,0,0,1,0,0,0,0,0,0,0,0,3,2,230,150,0,81,70,800,500,0,0,50,50,50,1,1,0,0.002,0,-0.074,1.598,2.024
20200205234852226_00007833_0_146.csv,20200205234852251_00007834_1_876.jpg,20200205234852226_00007833_0_146.jpg,1073,595,1,0,0,1,0,0,0,0,1,0,0,0,0,0,1,0,0,0,0,0,0,0,0,0,0,0,0,0,230,150,0,80,70,800,500,0,0,50,50,50,1,1,4.993,4.999,0.002,-0.075,2.386,2.258
20200205235346916_00020571_0_122.csv,20200205235346940_00020572_1_735.jpg,20200205235346916_00020571_0_122.jpg,1073,604,1,0,0,1,0,0,0,0,1,0,0,0,0,0,1,0,0,0,0,0,0,0,0,0,0,0,0,0,230,150,0,80,70,800,500,0,0,50,50,50,1,1,4.998,-0.012,4.975,-0.072,2.377,2.326
20200206000039853_00038427_0_167.csv,20200206000039878_00038428_1_1003.jpg,20200206000039853_00038427_0_167.jpg,1073,604,0,0,1,1,0,0,0,0,1,0,0,0,0,0,1,0,0,0,0,0,0,0,0,2,0,0,0,0,230,150,0,80,70,800,500,0,0,50,50,50,1,1,5.011,5.006,0.001,-0.075,1.669,2.148
20200206000041170_00038484_0_100.csv,20200206000041193_00038485_1_601.jpg,20200206000041170_00038484_0_100.jpg,1073,603,1,0,0,1,0,0,0,0,1,0,0,0,0,0,1,0,0,0,0,0,0,0,0,0,0,0,0,0,230,150,0,80,70,800,500,0,0,50,50,50,1,1,4.998,-0.009,5.007,-0.075,2.381,2.295
20200206000350013_00046650_0_135.csv,20200206000350036_00046651_1_812.jpg,20200206000350013_00046650_0_135.jpg,1073,599,1,0,0,1,0,0,0,0,1,0,0,0,0,0,0,0,0,1,0,0,0,0,0,0,0,0,3,0,230,150,0,81,70,800,500,0,0,50,50,50,1,1,4.996,5.005,0.009,-0.073,2.378,2.292
20200206000401391_00047142_0_136.csv,20200206000401413_00047143_1_821.jpg,20200206000401391_00047142_0_136.jpg,1073,598,1,0,0,0,0,0,1,0,1,0,0,0,0,0,1,0,0,0,0,0,0,0,0,0,3,0,0,0,230,150,0,81,70,800,500,0,0,50,50,50,1,1,0,-0.002,0.002,-0.075,1.588,1.944
20200206001648211_00080301_0_148.csv,20200206001648236_00080302_1_892.jpg,20200206001648211_00080301_0_148.jpg,1073,594,0,1,0,1,0,0,0,0,1,0,0,0,0,0,1,0,0,0,0,0,0,0,0,1,0,0,0,0,230,150,0,81,70,800,500,0,0,50,50,50,1,1,4.996,4.997,-0.002,-0.074,2.379,2.245
20200206021615151_00028437_0_189.csv,20200206021615177_00028438_1_1137.jpg,20200206021615151_00028437_0_189.jpg,1096,596,1,0,0,1,0,0,0,0,1,0,0,0,0,0,1,0,0,0,0,0,0,0,0,0,0,0,0,2,230,150,0,80,70,800,500,0,0,50,50,50,1,1,0.002,-0.015,-0.001,-0.075,1.595,1.987
20200206021654015_00030114_0_180.csv,20200206021654039_00030115_1_1085.jpg,20200206021654015_00030114_0_180.jpg,1096,597,1,0,0,1,0,0,0,0,1,0,0,0,0,0,1,0,0,0,0,0,0,0,0,0,0,0,0,2,230,150,0,80,70,800,500,0,0,50,50,50,1,1,0.018,0,-0.003,-0.078,1.6,2.024
20200206022431424_00049833_0_181.csv,20200206022431449_00049834_1_1087.jpg,20200206022431424_00049833_0_181.jpg,1096,583,1,0,0,1,0,0,0,0,1,0,0,0,0,0,1,0,0,0,0,0,0,0,0,0,0,0,0,2,230,150,0,80,70,800,500,0,0,50,50,50,1,1,5.004,5.031,0.006,-0.074,2.382,2.296
20200206023321714_00072699_0_131.csv,20200206023321737_00072700_1_786.jpg,20200206023321714_00072699_0_131.jpg,1096,581,1,0,0,1,0,0,0,0,1,0,0,0,0,0,0,0,0,0,1,0,0,0,0,0,0,0,4,2,230,150,0,81,70,800,500,0,0,50,50,50,1,1,5.037,4.999,-0.002,-0.073,2.377,2.296
20200206023324211_00072807_0_254.csv,20200206023324236_00072808_1_1526.jpg,20200206023324211_00072807_0_254.jpg,1096,583,0,1,0,1,0,0,0,0,1,0,0,0,0,0,1,0,0,0,0,0,0,0,0,1,0,0,0,2,230,150,0,81,70,800,500,0,0,50,50,50,1,1,0.006,0.002,0,-0.074,1.598,2
20200206023640897_00081288_0_187.csv,20200206023640921_00081289_1_1124.jpg,20200206023640897_00081288_0_187.jpg,1096,589,0,0,1,1,0,0,0,0,1,0,0,0,0,0,1,0,0,0,0,0,0,0,0,2,0,0,0,2,230,150,0,81,70,800,500,0,0,50,50,50,1,1,0,-0.017,-0.013,-0.074,1.599,1.974
20200206024117286_00093207_0_338.csv,20200206024117313_00093208_1_2032.jpg,20200206024117286_00093207_0_338.jpg,1096,629,1,0,0,1,0,0,0,0,1,0,0,0,0,0,0,0,0,1,0,0,0,0,0,0,0,0,3,2,230,150,0,81,70,800,500,0,0,50,50,50,1,1,0.001,0.013,0.002,-0.073,1.599,2.12
20200206025615870_00010065_0_114.csv,20200206025615893_00010066_1_688.jpg,20200206025615870_00010065_0_114.jpg,1068,670,1,0,0,1,0,0,0,0,1,0,0,0,0,0,1,0,0,0,0,0,0,0,0,0,0,0,0,0,230,150,0,80,70,800,500,0,0,50,50,50,1,1,4.997,5.003,0.003,-0.073,2.373,2.323
20200206032000284_00070260_0_248.csv,20200206032000308_00070261_1_1489.jpg,20200206032000284_00070260_0_248.jpg,1068,666,1,0,0,1,0,0,0,0,1,0,0,0,0,0,1,0,0,0,0,0,0,0,0,0,0,0,0,0,230,150,0,82,70,800,500,0,0,50,50,50,1,1,-0.007,0.027,-0.001,-0.075,1.589,1.953
20200206032224065_00076335_0_145.csv,20200206032224090_00076336_1_875.jpg,20200206032224065_00076335_0_145.jpg,1068,665,0,1,0,1,0,0,0,0,1,0,0,0,0,0,1,0,0,0,0,0,0,0,0,1,0,0,0,0,230,150,0,82,70,800,500,0,0,50,50,50,1,1,5.011,4.998,-0.008,-0.075,2.364,2.291
20200206032619951_00086301_0_80.csv,20200206032619974_00086302_1_485.jpg,20200206032619951_00086301_0_80.jpg,1068,681,1,0,0,1,0,0,0,0,1,0,0,0,0,0,1,0,0,0,0,0,0,0,0,0,0,0,0,0,230,150,0,82,70,800,500,0,0,50,50,50,1,1,4.987,5.005,-0.002,-0.075,2.37,2.447
20200206032744930_00089892_0_148.csv,20200206032744955_00089893_1_888.jpg,20200206032744930_00089892_0_148.jpg,1068,652,1,0,0,1,0,0,0,0,1,0,0,0,0,0,0,0,0,1,0,0,0,0,0,0,0,0,3,0,230,150,0,83,70,800,500,0,0,50,50,50,1,1,4.998,-0.011,5.021,-0.079,2.371,2.293
20200206032801123_00090576_0_106.csv,20200206032801147_00090577_1_637.jpg,20200206032801123_00090576_0_106.jpg,1068,658,0,0,1,1,0,0,0,0,1,0,0,0,0,0,1,0,0,0,0,0,0,0,0,2,0,0,0,0,230,150,0,83,70,800,500,0,0,50,50,50,1,1,4.997,0.009,4.997,-0.072,2.368,2.327
20200206032823774_00091533_0_209.csv,20200206032823799_00091534_1_1255.jpg,20200206032823774_00091533_0_209.jpg,1068,655,1,0,0,1,0,0,0,0,1,0,0,0,0,0,0,0,0,0,0,0,1,0,0,0,0,0,6,0,230,150,0,83,50,800,500,0,0,50,50,50,1,1,4.999,4.997,0.003,-0.077,2.369,2.297
20200206034502218_00007431_0_108.csv,20200206034502242_00007432_1_649.jpg,20200206034502218_00007431_0_108.jpg,1056,578,0,0,1,1,0,0,0,0,1,0,0,0,0,0,1,0,0,0,0,0,0,0,0,2,0,0,0,2,230,150,0,80,70,800,500,0,0,50,50,50,1,1,5.004,4.984,0.01,-0.073,2.379,2.321
20200206034731098_00013704_0_127.csv,20200206034731121_00013705_1_763.jpg,20200206034731098_00013704_0_127.jpg,1056,579,1,0,0,1,0,0,0,0,1,0,0,0,0,0,1,0,0,0,0,0,0,0,0,0,0,0,0,2,230,150,0,80,70,800,500,0,0,50,50,50,1,1,4.998,-0.024,5.004,-0.074,2.367,2.377
20200206040315564_00053934_0_205.csv,20200206040315589_00053935_1_1234.jpg,20200206040315564_00053934_0_205.jpg,1056,585,1,0,0,1,0,0,0,0,1,0,0,0,0,0,0,0,0,0,1,0,0,0,0,0,0,0,4,2,230,150,0,81,70,800,500,0,0,50,50,50,1,1,-0.001,0.023,0.004,-0.074,1.582,2.044
20200206040416098_00056544_0_101.csv,20200206040416121_00056545_1_610.jpg,20200206040416098_00056544_0_101.jpg,1056,584,0,1,0,1,0,0,0,0,1,0,0,0,0,0,1,0,0,0,0,0,0,0,0,1,0,0,0,2,230,150,0,80,70,800,500,0,0,50,50,50,1,1,4.997,5.006,0.002,-0.074,2.381,2.348
20200206040912770_00069333_0_247.csv,20200206040912795_00069334_1_1485.jpg,20200206040912770_00069333_0_247.jpg,1056,583,1,0,0,0,0,0,1,0,1,0,0,0,0,0,1,0,0,0,0,0,0,0,0,0,3,0,0,2,230,150,0,79,70,800,500,0,0,50,50,50,1,1,-0.003,-0.001,0.002,-0.073,1.591,1.949
20200206041306618_00079416_0_320.csv,20200206041306643_00079417_1_1925.jpg,20200206041306618_00079416_0_320.jpg,1056,572,1,0,0,1,0,0,0,0,1,0,0,0,0,0,1,0,0,0,0,0,0,0,0,0,0,0,0,2,230,150,0,79,70,800,500,0,0,50,50,50,1,1,-0.002,0.002,-0.012,-0.074,1.58,1.924
20200206041454401_00084063_0_139.csv,20200206041454424_00084064_1_838.jpg,20200206041454401_00084063_0_139.jpg,1056,561,1,0,0,1,0,0,0,0,1,0,0,0,0,0,1,0,0,0,0,0,0,0,0,0,0,0,0,2,230,150,0,79,70,800,500,0,0,50,50,50,1,1,4.997,4.997,0.005,-0.075,2.378,2.294
20200206041803944_00092235_0_1114.csv,20200206041803970_00092236_1_6684.jpg,20200206041803944_00092235_0_1114.jpg,1056,616,1,0,0,1,0,0,0,0,1,0,0,0,0,0,0,0,0,1,0,0,0,0,0,0,0,0,3,2,230,150,0,80,70,800,500,0,0,50,50,50,1,1,4.999,4.999,0.01,-0.077,1.628,1.949
20200206041809713_00092484_0_560.csv,20200206041809740_00092485_1_3365.jpg,20200206041809713_00092484_0_560.jpg,1056,618,1,0,0,0,1,0,0,0,1,0,0,0,0,0,1,0,0,0,0,0,0,0,0,0,1,0,0,2,230,150,0,81,70,800,500,0,0,50,50,50,1,1,-0.002,-0.001,0.01,-0.072,1.589,2.024
20200206043005297_00003888_0_116.csv,20200206043005321_00003889_1_699.jpg,20200206043005297_00003888_0_116.jpg,1029,481,1,0,0,1,0,0,0,0,1,0,0,0,0,0,1,0,0,0,0,0,0,0,0,0,0,0,0,0,230,150,0,80,70,800,500,0,0,50,50,50,1,1,4.997,4.998,-0.011,-0.072,2.41,2.324
20200206043107695_00006519_0_201.csv,20200206043107720_00006520_1_1210.jpg,20200206043107695_00006519_0_201.jpg,1029,481,1,0,0,1,0,0,0,0,1,0,0,0,0,0,1,0,0,0,0,0,0,0,0,0,0,0,0,0,230,150,0,80,70,800,500,0,0,50,50,50,1,1,0.002,0.001,0,-0.073,1.584,2.05
20200206043128631_00007401_0_182.csv,20200206043128657_00007402_1_1094.jpg,20200206043128631_00007401_0_182.jpg,1029,481,0,0,1,1,0,0,0,0,1,0,0,0,0,0,1,0,0,0,0,0,0,0,0,2,0,0,0,0,230,150,0,80,70,800,500,0,0,50,50,50,1,1,-0.014,0.005,0.005,-0.074,1.588,2
20200206043356594_00013638_0_176.csv,20200206043356618_00013639_1_1057.jpg,20200206043356594_00013638_0_176.jpg,1029,482,1,0,0,1,0,0,0,0,1,0,0,0,0,0,1,0,0,0,0,0,0,0,0,0,0,0,0,0,230,150,0,80,70,800,500,0,0,50,50,50,1,1,0.002,-0.008,-0.001,-0.074,1.576,2.02
20200206044220842_00034890_0_168.csv,20200206044220866_00034891_1_1010.jpg,20200206044220842_00034890_0_168.jpg,1029,481,1,0,0,1,0,0,0,0,1,0,0,0,0,0,0,0,0,0,1,0,0,0,0,0,0,0,4,0,230,150,0,80,70,800,500,0,0,50,50,50,1,1,0,0.002,-0.005,-0.075,1.578,2.04
20200206044309316_00036933_0_106.csv,20200206044309339_00036934_1_638.jpg,20200206044309316_00036933_0_106.jpg,1029,479,1,0,0,0,1,0,0,0,1,0,0,0,0,0,1,0,0,0,0,0,0,0,0,0,1,0,0,0,230,150,0,79,70,800,500,0,0,50,50,50,1,1,4.99,4.998,0.013,-0.073,2.376,2.296
20200206044317217_00037266_0_126.csv,20200206044317239_00037267_1_758.jpg,20200206044317217_00037266_0_126.jpg,1029,478,1,0,0,1,0,0,0,0,1,0,0,0,0,0,0,0,0,1,0,0,0,0,0,0,0,0,3,0,230,150,0,80,70,800,500,0,0,50,50,50,1,1,4.994,4.993,-0.004,-0.074,2.37,2.249
20200206044738345_00048270_0_119.csv,20200206044738369_00048271_1_714.jpg,20200206044738345_00048270_0_119.jpg,1029,484,0,1,0,1,0,0,0,0,1,0,0,0,0,0,1,0,0,0,0,0,0,0,0,1,0,0,0,0,230,150,0,80,70,800,500,0,0,50,50,50,1,1,4.993,0,4.999,-0.073,2.368,2.274
20200207090354504_00015648_0_157.csv,20200207090354530_00015649_1_944.jpg,20200207090354504_00015648_0_157.jpg,1157,558,1,0,0,0,1,0,0,0,1,0,0,0,0,0,1,0,0,0,0,0,0,0,0,0,1,0,0,2,230,150,0,86,65,800,500,0,0,50,50,50,1,1,0.009,-0.003,-0.001,-0.074,1.602,2.223
20200207090437076_00017445_0_109.csv,20200207090437099_00017446_1_654.jpg,20200207090437076_00017445_0_109.jpg,1154,559,1,0,0,0,0,0,1,0,1,0,0,0,0,0,1,0,0,0,0,0,0,0,0,0,3,0,0,2,230,150,0,88,65,800,500,0,0,50,50,50,1,1,4.997,4.998,-0.002,-0.074,2.409,2.535
20200207090457419_00018303_0_175.csv,20200207090457445_00018304_1_1054.jpg,20200207090457419_00018303_0_175.jpg,1154,560,1,0,0,1,0,0,0,0,1,0,0,0,0,0,0,0,0,0,0,1,0,0,0,0,0,0,5,2,230,150,0,88,70,800,500,0,0,50,50,50,1,1,0.001,0.003,0,-0.075,1.59,2.169
20200207091100827_00033651_0_166.csv,20200207091100853_00033652_1_999.jpg,20200207091100827_00033651_0_166.jpg,1150,561,1,0,0,1,0,0,0,0,1,0,0,0,0,0,1,0,0,0,0,0,0,0,0,0,0,0,0,2,230,150,0,84,70,800,500,0,0,50,50,50,1,1,4.994,5,0.005,-0.073,2.188,2.407
20200207091913769_00054465_0_166.csv,20200207091913793_00054466_1_999.jpg,20200207091913769_00054465_0_166.jpg,1150,561,1,0,0,1,0,0,0,0,1,0,0,0,0,0,0,0,0,1,0,0,0,0,0,0,0,0,3,2,230,150,0,85,70,800,500,0,0,50,50,50,1,1,5.004,0.002,4.996,-0.073,1.591,2.095
20200207091936572_00055428_0_169.csv,20200207091936597_00055429_1_1019.jpg,20200207091936572_00055428_0_169.jpg,1151,562,0,1,0,1,0,0,0,0,1,0,0,0,0,0,1,0,0,0,0,0,0,0,0,1,0,0,0,2,230,150,0,86,70,800,500,0,0,50,50,50,1,1,-0.001,0,-0.016,-0.076,1.581,2.126
20200207092835320_00078171_0_106.csv,20200207092835343_00078172_1_638.jpg,20200207092835320_00078171_0_106.jpg,1150,556,1,0,0,1,0,0,0,0,1,0,0,0,0,0,1,0,0,0,0,0,0,0,0,0,0,0,0,2,230,150,0,88,70,800,500,0,0,50,50,50,1,1,0.014,-0.023,0,-0.074,1.59,2.036
20200207093134638_00085743_0_157.csv,20200207093134663_00085744_1_946.jpg,20200207093134638_00085743_0_157.jpg,1150,556,1,0,0,1,0,0,0,0,1,0,0,0,0,0,0,0,0,0,1,0,0,0,0,0,0,0,4,2,230,150,0,86,70,800,500,0,0,50,50,50,1,1,-0.002,0.001,0.002,-0.073,1.58,2.128
20200207093613853_00097533_0_97.csv,20200207093613876_00097534_1_584.jpg,20200207093613853_00097533_0_97.jpg,1147,547,0,0,1,1,0,0,0,0,1,0,0,0,0,0,1,0,0,0,0,0,0,0,0,2,0,0,0,2,230,150,0,89,70,800,500,0,0,50,50,50,1,1,4.997,0.002,5.004,-0.075,2.389,2.524
20200207093624083_00097965_0_97.csv,20200207093624105_00097966_1_587.jpg,20200207093624083_00097965_0_97.jpg,1149,547,1,0,0,0,0,1,0,0,1,0,0,0,0,0,1,0,0,0,0,0,0,0,0,0,2,0,0,2,230,150,0,89,70,800,500,0,0,50,50,50,1,1,5.018,0.001,4.997,-0.074,2.391,2.499
20200207093629339_00098187_0_215.csv,20200207093629364_00098188_1_1291.jpg,20200207093629339_00098187_0_215.jpg,1148,548,1,0,0,1,0,0,0,0,1,0,0,0,0,0,1,0,0,0,0,0,0,0,0,0,0,0,0,2,230,150,0,89,70,800,500,0,0,50,50,50,1,1,0.004,0.009,-0.002,-0.074,1.57,2.134
20200207095642199_00013449_0_154.csv,20200207095642223_00013450_1_928.jpg,20200207095642199_00013449_0_154.jpg,1041,567,1,0,0,1,0,0,0,0,1,0,0,0,0,0,0,0,0,1,0,0,0,0,0,0,0,0,3,0,230,150,0,84,70,800,500,0,0,50,50,50,1,1,-0.012,-0.01,0.002,-0.074,1.575,2.055
20200207100738129_00041157_0_225.csv,20200207100738154_00041158_1_1351.jpg,20200207100738129_00041157_0_225.jpg,1043,553,1,0,0,0,0,0,0,1,1,0,0,0,0,0,1,0,0,0,0,0,0,0,0,0,4,0,0,0,230,150,0,83,70,800,500,0,0,50,50,50,1,1,-0.015,0,-0.001,-0.074,1.588,2.073
20200207100743602_00041388_0_138.csv,20200207100743624_00041389_1_833.jpg,20200207100743602_00041388_0_138.jpg,1043,557,1,0,0,1,0,0,0,0,1,0,0,0,0,0,1,0,0,0,0,0,0,0,0,0,0,0,0,0,230,150,0,83,70,800,500,0,0,50,50,50,1,1,4.994,0,5.013,-0.069,2.399,2.347
20200207101315546_00055413_0_108.csv,20200207101315569_00055414_1_651.jpg,20200207101315546_00055413_0_108.jpg,1039,564,1,0,0,1,0,0,0,0,1,0,0,0,0,0,0,0,0,0,0,0,1,0,0,0,0,0,6,0,230,150,0,82,65,800,500,0,0,50,50,50,1,1,4.999,0,4.995,-0.074,2.389,2.325
20200207101321015_00055644_0_197.csv,20200207101321039_00055645_1_1182.jpg,20200207101321015_00055644_0_197.jpg,1039,557,1,0,0,1,0,0,0,0,1,0,0,0,0,0,1,0,0,0,0,0,0,0,0,0,0,0,0,0,230,150,0,82,65,800,500,0,0,50,50,50,1,1,-0.013,-0.005,-0.003,-0.072,1.584,2.021
20200207101337478_00056340_0_112.csv,20200207101337500_00056341_1_672.jpg,20200207101337478_00056340_0_112.jpg,1042,565,1,0,0,1,0,0,0,0,1,0,0,0,0,0,0,1,0,0,0,0,0,0,0,0,0,0,1,0,240,160,0,82,65,800,500,0,0,50,50,50,1,1,4.988,0.003,5.002,-0.074,2.507,2.378
20200207101344289_00056628_0_178.csv,20200207101344314_00056629_1_1069.jpg,20200207101344289_00056628_0_178.jpg,1039,558,1,0,0,1,0,0,0,0,1,0,0,0,0,0,0,0,0,0,0,0,0,1,0,0,0,0,7,0,240,160,0,82,65,815,515,0,0,50,50,50,1,1,-0.006,0.002,-0.002,-0.074,1.682,2.047
20200207101432122_00058650_0_169.csv,20200207101432147_00058651_1_1018.jpg,20200207101432122_00058650_0_169.jpg,1049,553,0,0,1,1,0,0,0,0,1,0,0,0,0,0,1,0,0,0,0,0,0,0,0,2,0,0,0,0,240,160,0,84,65,855,555,0,0,50,50,50,1,1,-0.001,0.009,0,-0.074,1.669,2.071
20200207101557401_00062253_0_151.csv,20200207101557427_00062254_1_907.jpg,20200207101557401_00062253_0_151.jpg,1050,549,1,0,0,1,0,0,0,0,1,0,0,0,0,0,1,0,0,0,0,0,0,0,0,0,0,0,0,0,240,160,0,85,65,855,555,0,0,50,50,50,1,1,4.991,-0.001,4.999,-0.074,2.51,2.446
20200207101753362_00067152_0_146.csv,20200207101753387_00067153_1_879.jpg,20200207101753362_00067152_0_146.jpg,1041,570,0,1,0,1,0,0,0,0,1,0,0,0,0,0,1,0,0,0,0,0,0,0,0,1,0,0,0,0,240,160,0,87,65,855,555,0,0,50,50,50,1,1,4.996,0.002,4.973,-0.074,1.949,2.322
20200207102416409_00083340_0_112.csv,20200207102416432_00083341_1_676.jpg,20200207102416409_00083340_0_112.jpg,1028,556,1,0,0,1,0,0,0,0,1,0,0,0,0,0,0,0,0,0,1,0,0,0,0,0,0,0,4,0,240,160,0,88,65,855,555,0,0,50,50,50,1,1,4.997,4.991,0.002,-0.073,2.511,2.488
20200207111035404_00022677_0_133.csv,20200207111035427_00022678_1_803.jpg,20200207111035404_00022677_0_133.jpg,1154,508,0,1,0,1,0,0,0,0,1,0,0,0,0,0,1,0,0,0,0,0,0,0,0,1,0,0,0,2,230,150,0,83,70,850,550,0,0,50,50,50,1,1,0,0.001,0.023,-0.074,2.389,2.357
20200207111757562_00041790_0_244.csv,20200207111757587_00041791_1_1468.jpg,20200207111757562_00041790_0_244.jpg,1154,507,0,0,1,1,0,0,0,0,1,0,0,0,0,0,1,0,0,0,0,0,0,0,0,2,0,0,0,2,230,150,0,81,70,850,550,0,0,50,50,50,1,1,-0.002,0,-0.002,-0.076,1.578,2.023
20200207111910974_00044964_0_204.csv,20200207111910998_00044965_1_1225.jpg,20200207111910974_00044964_0_204.jpg,1154,498,1,0,0,1,0,0,0,0,1,0,0,0,0,0,0,0,0,0,0,0,0,1,0,0,0,0,7,2,230,150,0,80,70,870,570,0,0,50,50,50,1,1,4.995,4.999,0.002,-0.073,2.398,2.326
20200207111933126_00045921_0_140.csv,20200207111933149_00045922_1_842.jpg,20200207111933126_00045921_0_140.jpg,1154,506,1,0,0,1,0,0,0,0,1,0,0,0,0,0,0,1,0,0,0,0,0,0,0,0,0,0,1,2,241,161,0,80,70,900,600,0,0,50,50,50,1,1,4.996,4.988,0.002,-0.076,2.483,2.336
20200207111938747_00046164_0_287.csv,20200207111938772_00046165_1_1722.jpg,20200207111938747_00046164_0_287.jpg,1154,500,1,0,0,1,0,0,0,0,1,0,0,0,0,0,0,0,1,0,0,0,0,0,0,0,0,0,2,2,250,170,0,80,70,900,600,0,0,50,50,50,1,1,-0.01,-0.001,0,-0.074,1.783,2.047
20200207112047688_00049146_0_229.csv,20200207112047713_00049147_1_1379.jpg,20200207112047688_00049146_0_229.jpg,1154,507,1,0,0,0,0,0,1,0,1,0,0,0,0,0,1,0,0,0,0,0,0,0,0,0,3,0,0,2,240,160,0,84,70,900,600,0,0,50,50,50,1,1,0,-0.001,0.019,-0.073,1.689,2.055
20200207112115794_00050361_0_253.csv,20200207112115820_00050362_1_1518.jpg,20200207112115794_00050361_0_253.jpg,1154,502,1,0,0,1,0,0,0,0,1,0,0,0,0,0,1,0,0,0,0,0,0,0,0,0,0,0,0,2,240,160,0,84,70,900,600,0,0,50,50,50,1,1,-0.002,0.014,0.004,-0.074,1.693,2.013
20200207112138269_00051333_0_143.csv,20200207112138292_00051334_1_862.jpg,20200207112138269_00051333_0_143.jpg,1154,506,1,0,0,0,1,0,0,0,1,0,0,0,0,0,1,0,0,0,0,0,0,0,0,0,1,0,0,2,240,160,0,84,70,900,600,0,0,50,50,50,1,1,5.002,-0.002,4.999,-0.073,2.498,2.347
20200207112512758_00060609_0_198.csv,20200207112512784_00060610_1_1193.jpg,20200207112512758_00060609_0_198.jpg,1154,506,1,0,0,1,0,0,0,0,1,0,0,0,0,0,1,0,0,0,0,0,0,0,0,0,0,0,0,2,240,160,0,84,70,900,600,0,0,50,50,50,1,1,0.001,-0.002,-0.013,-0.076,1.678,2.146
20200207112521769_00060999_0_201.csv,20200207112521794_00061000_1_1206.jpg,20200207112521769_00060999_0_201.jpg,1154,506,1,0,0,1,0,0,0,0,1,0,0,0,0,0,0,0,0,0,1,0,0,0,0,0,0,0,4,2,240,160,0,83,70,900,600,0,0,50,50,50,1,1,-0.002,0.008,0.005,-0.074,1.675,2.103
20200207112643085_00064515_0_160.csv,20200207112643114_00064516_1_5761.jpg,20200207112643085_00064515_0_160.jpg,1154,494,1,0,0,1,0,0,0,0,1,0,0,0,0,0,0,0,0,1,0,0,0,0,0,0,0,0,3,2,240,160,0,83,70,900,600,0,0,50,50,50,1,1,4.999,5,0.007,-0.077,2.5,2.297
20200207113723959_00092211_0_121.csv,20200207113723981_00092212_1_727.jpg,20200207113723959_00092211_0_121.jpg,1154,494,1,0,0,1,0,0,0,0,1,0,0,0,0,0,1,0,0,0,0,0,0,0,0,0,0,0,0,2,240,160,0,85,70,900,600,0,0,50,50,50,1,1,4.989,-0.002,4.998,-0.074,2.504,2.6
20200207114957113_00124767_0_707.csv,20200207114957141_00124768_1_4246.jpg,20200207114957113_00124767_0_707.jpg,1154,553,1,0,0,1,0,0,0,0,1,0,0,0,0,0,0,0,0,0,1,0,0,0,0,0,0,0,4,2,240,160,0,82,70,900,600,0,0,50,50,50,1,1,0,0.008,0.004,-0.074,1.681,2.122
20200207114958781_00124839_0_529.csv,20200207114958809_00124840_1_3175.jpg,20200207114958781_00124839_0_529.jpg,1154,546,1,0,0,1,0,0,0,0,1,0,0,0,0,0,0,0,0,1,0,0,0,0,0,0,0,0,3,2,240,160,0,82,70,900,600,0,0,50,50,50,1,1,0.006,0,-0.001,-0.075,1.681,2.071
20200207115004118_00125070_0_633.csv,20200207115004145_00125071_1_3802.jpg,20200207115004118_00125070_0_633.jpg,1154,552,1,0,0,1,0,0,0,0,1,0,0,0,0,0,0,0,0,0,0,0,0,0,1,0,0,0,8,2,240,160,0,83,70,870,570,0,0,50,50,50,1,1,0.003,0,-0.001,-0.074,1.686,2.15
20200207115036718_00126480_0_362.csv,20200207115036744_00126481_1_2173.jpg,20200207115036718_00126480_0_362.jpg,1154,476,1,0,0,1,0,0,0,0,1,0,0,0,0,0,1,0,0,0,0,0,0,0,0,0,0,0,0,2,240,160,0,83,70,850,550,0,0,50,50,50,1,1,-0.001,0.008,0.013,-0.075,1.676,2.016
20200207115125844_00128604_0_456.csv,20200207115125869_00128605_1_2740.jpg,20200207115125844_00128604_0_456.jpg,1154,551,0,1,0,1,0,0,0,0,1,0,0,0,0,0,1,0,0,0,0,0,0,0,0,1,0,0,0,2,240,160,0,83,70,850,550,0,0,50,50,50,1,1,-0.012,-0.002,0.003,-0.074,1.675,2.117
20200207115446333_00137268_0_122.csv,20200207115446360_00137269_1_4394.jpg,20200207115446333_00137268_0_122.jpg,1029,486,1,0,0,1,0,0,0,0,1,0,0,0,0,0,0,0,0,0,0,0,0,1,0,0,0,0,7,2,240,160,0,83,70,860,560,0,0,50,50,50,1,1,4.996,4.998,0.015,-0.072,2.487,2.373
20200207120039225_00152523_0_149.csv,20200207120039248_00152524_1_898.jpg,20200207120039225_00152523_0_149.jpg,1029,487,1,0,0,1,0,0,0,0,1,0,0,0,0,0,1,0,0,0,0,0,0,0,0,0,0,0,0,2,240,160,0,83,70,900,600,0,0,50,50,50,1,1,5.023,0.001,4.998,-0.073,2.509,2.427
20200207120055154_00153213_0_171.csv,20200207120055179_00153214_1_1026.jpg,20200207120055154_00153213_0_171.jpg,1029,487,0,0,1,1,0,0,0,0,1,0,0,0,0,0,1,0,0,0,0,0,0,0,0,2,0,0,0,2,240,160,0,83,70,900,600,0,0,50,50,50,1,1,4.995,0.001,4.993,-0.073,1.678,2.124
20200207120238726_00157689_0_149.csv,20200207120238751_00157690_1_895.jpg,20200207120238726_00157689_0_149.jpg,1029,474,1,0,0,1,0,0,0,0,1,0,0,0,0,0,1,0,0,0,0,0,0,0,0,0,0,0,0,2,240,160,0,81,70,900,600,0,0,50,50,50,1,1,-0.001,0.002,-0.008,-0.074,1.691,1.974
20200207120445280_00163161_0_186.csv,20200207120445305_00163162_1_1118.jpg,20200207120445280_00163161_0_186.jpg,1029,473,1,0,0,1,0,0,0,0,1,0,0,0,0,0,0,1,0,0,0,0,0,0,0,0,0,0,1,2,245,165,0,81,70,900,600,0,0,50,50,50,1,1,4.997,-0.008,4.997,-0.074,2.536,2.332
20200207135713363_00008787_0_316.csv,20200207135713388_00008788_1_1897.jpg,20200207135713363_00008787_0_316.jpg,1033,525,1,0,0,1,0,0,0,0,1,0,0,0,0,0,0,0,0,0,0,0,0,0,1,0,0,0,8,2,250,150,0,83,75,945,645,0,0,50,50,50,1,1,4.982,4.979,0,-0.077,2.621,2.472
20200207135738993_00009894_0_574.csv,20200207135739019_00009895_1_3446.jpg,20200207135738993_00009894_0_574.jpg,1033,524,1,0,0,1,0,0,0,0,1,0,0,0,0,0,0,0,0,0,0,0,1,0,0,0,0,0,6,2,250,150,0,83,70,900,600,0,0,50,50,50,1,1,-0.009,-0.004,0,-0.074,1.581,2.147
20200207140409579_00026781_0_114.csv,20200207140409602_00026782_1_687.jpg,20200207140409579_00026781_0_114.jpg,1138,495,1,0,0,1,0,0,0,0,1,0,0,0,0,0,1,0,0,0,0,0,0,0,0,0,0,0,0,2,250,150,0,83,70,900,600,0,0,50,50,50,1,1,4.991,4.995,0,-0.074,2.636,2.397
20200207140710341_00034596_0_110.csv,20200207140710364_00034597_1_664.jpg,20200207140710341_00034596_0_110.jpg,1138,500,1,0,0,1,0,0,0,0,1,0,0,0,0,0,1,0,0,0,0,0,0,0,0,0,0,0,0,2,250,150,0,85,70,900,600,0,0,50,50,50,1,1,4.975,0.002,4.998,-0.073,2.631,2.444
20200207140730046_00035448_0_185.csv,20200207140730071_00035449_1_1115.jpg,20200207140730046_00035448_0_185.jpg,1138,500,1,0,0,0,0,1,0,0,1,0,0,0,0,0,1,0,0,0,0,0,0,0,0,0,2,0,0,2,250,150,0,84,70,900,600,0,0,50,50,50,1,1,-0.002,0,-0.003,-0.074,1.591,2.149
20200207140857821_00039243_0_243.csv,20200207140857846_00039244_1_1463.jpg,20200207140857821_00039243_0_243.jpg,1138,501,1,0,0,1,0,0,0,0,1,0,0,0,0,0,0,1,0,0,0,0,0,0,0,0,0,0,1,2,250,160,0,83,70,900,600,0,0,50,50,50,1,1,-0.002,-0.001,0.015,-0.074,1.688,2.084
20200207141558396_00057423_0_132.csv,20200207141558419_00057424_1_795.jpg,20200207141558396_00057423_0_132.jpg,1138,493,1,0,0,1,0,0,0,0,1,0,0,0,0,0,1,0,0,0,0,0,0,0,0,0,0,0,0,2,250,160,0,82,70,900,600,0,0,50,50,50,1,1,4.992,-0.003,4.997,-0.073,2.621,2.346
20200207141634965_00059004_0_231.csv,20200207141634990_00059005_1_1388.jpg,20200207141634965_00059004_0_231.jpg,1138,500,1,0,0,1,0,0,0,0,1,0,0,0,0,0,0,0,0,0,0,0,0,1,0,0,0,0,7,2,260,160,0,83,70,950,600,0,0,50,50,50,1,1,-0.001,0,0,-0.072,1.696,2.072
20200207141751146_00062298_0_215.csv,20200207141751172_00062299_1_1293.jpg,20200207141751146_00062298_0_215.jpg,1138,494,1,0,0,0,0,0,1,0,1,0,0,0,0,0,1,0,0,0,0,0,0,0,0,0,3,0,0,2,260,160,0,81,70,900,600,0,0,50,50,50,1,1,5.005,5.002,0,-0.077,2.714,2.426
20200207142059462_00070437_0_126.csv,20200207142059485_00070438_1_757.jpg,20200207142059462_00070437_0_126.jpg,1138,490,1,0,0,1,0,0,0,0,1,0,0,0,0,0,0,0,0,1,0,0,0,0,0,0,0,0,3,2,260,165,0,85,70,950,650,0,0,50,50,50,1,1,4.98,4.998,-0.001,-0.075,2.729,2.321
20200207142140949_00072231_0_202.csv,20200207142140974_00072232_1_1216.jpg,20200207142140949_00072231_0_202.jpg,1138,498,1,0,0,1,0,0,0,0,1,0,0,0,0,0,0,0,0,0,1,0,0,0,0,0,0,0,4,2,260,165,0,84,70,950,650,0,0,50,50,50,1,1,-0.004,0.006,-0.001,-0.074,1.734,2.123
20200207142635581_00084969_0_128.csv,20200207142635605_00084970_1_771.jpg,20200207142635581_00084969_0_128.jpg,1138,484,0,1,0,1,0,0,0,0,1,0,0,0,0,0,1,0,0,0,0,0,0,0,0,1,0,0,0,2,260,165,0,83,70,950,600,0,0,50,50,50,1,1,-0.003,0.002,-0.007,-0.076,2.716,2.374
20200207142836804_00090210_0_243.csv,20200207142836829_00090211_1_1460.jpg,20200207142836804_00090210_0_243.jpg,1138,495,0,0,1,1,0,0,0,0,1,0,0,0,0,0,1,0,0,0,0,0,0,0,0,2,0,0,0,2,260,165,0,83,70,950,600,0,0,50,50,50,1,1,0.011,0.001,-0.002,-0.075,1.74,2.023
20200207142855184_00091005_0_141.csv,20200207142855207_00091006_1_851.jpg,20200207142855184_00091005_0_141.jpg,1138,482,1,0,0,0,1,0,0,0,1,0,0,0,0,0,1,0,0,0,0,0,0,0,0,0,1,0,0,2,260,165,0,84,70,950,630,0,0,50,50,50,1,1,4.999,4.999,0.002,-0.074,2.714,2.349
20200207144755651_00140343_0_196.csv,20200207144755676_00140344_1_1179.jpg,20200207144755651_00140343_0_196.jpg,975,472,0,0,1,1,0,0,0,0,1,0,0,0,0,0,1,0,0,0,0,0,0,0,0,2,0,0,0,0,260,165,0,85,75,950,630,0,0,50,50,50,1,1,-0.002,0.002,-0.001,-0.074,1.741,2.148
20200207145254956_00153285_0_153.csv,20200207145254981_00153286_1_922.jpg,20200207145254956_00153285_0_153.jpg,975,459,1,0,0,0,1,0,0,0,1,0,0,0,0,0,1,0,0,0,0,0,0,0,0,0,1,0,0,0,260,165,0,82,75,950,630,0,0,50,50,50,1,1,4.987,0.011,4.998,-0.074,2.723,2.47
20200207145259952_00153501_0_164.csv,20200207145259977_00153502_1_984.jpg,20200207145259952_00153501_0_164.jpg,975,453,1,0,0,0,0,0,1,0,1,0,0,0,0,0,1,0,0,0,0,0,0,0,0,0,3,0,0,0,260,165,0,82,75,950,630,0,0,50,50,50,1,1,5.008,4.997,-0.001,-0.074,2.726,2.465
20200207145440567_00157851_0_242.csv,20200207145440590_00157852_1_1454.jpg,20200207145440567_00157851_0_242.jpg,975,459,0,1,0,1,0,0,0,0,1,0,0,0,0,0,1,0,0,0,0,0,0,0,0,1,0,0,0,0,260,165,0,82,75,950,630,0,0,50,50,50,1,1,-0.006,0,-0.001,-0.074,1.727,2.047
20200207145851778_00168714_0_231.csv,20200207145851803_00168715_1_1391.jpg,20200207145851778_00168714_0_231.jpg,975,452,1,0,0,1,0,0,0,0,1,0,0,0,0,0,1,0,0,0,0,0,0,0,0,0,0,0,0,0,260,165,0,81,75,950,630,0,0,50,50,50,1,1,0.002,-0.003,0,-0.073,1.748,2.041
20200207150302772_00179565_0_211.csv,20200207150302797_00179566_1_1268.jpg,20200207150302772_00179565_0_211.jpg,975,453,1,0,0,1,0,0,0,0,1,0,0,0,0,0,1,0,0,0,0,0,0,0,0,0,0,0,0,0,260,165,0,81,75,950,630,0,0,50,50,50,1,1,-0.012,0.001,0,-0.077,1.737,2.052
20200207150513360_00185211_0_99.csv,20200207150513383_00185212_1_596.jpg,20200207150513360_00185211_0_99.jpg,975,449,1,0,0,1,0,0,0,0,1,0,0,0,0,0,0,0,0,1,0,0,0,0,0,0,0,0,3,0,260,165,0,81,75,950,630,0,0,50,50,50,1,1,-0.014,-0.003,0.004,-0.077,2.089,2.043
20200207151235970_00204348_0_88.csv,20200207151235993_00204349_1_533.jpg,20200207151235970_00204348_0_88.jpg,975,475,1,0,0,1,0,0,0,0,1,0,0,0,0,0,1,0,0,0,0,0,0,0,0,0,0,0,0,0,260,165,0,84,75,950,630,0,0,50,50,50,1,1,4.995,4.999,0,-0.076,2.715,2.424
20200207151342665_00207231_0_194.csv,20200207151342689_00207232_1_1164.jpg,20200207151342665_00207231_0_194.jpg,975,454,1,0,0,0,0,1,0,0,1,0,0,0,0,0,1,0,0,0,0,0,0,0,0,0,2,0,0,0,260,165,0,84,75,950,630,0,0,50,50,50,1,1,-0.003,0.005,0.001,-0.075,1.745,2.098
20200207151431498_00209343_0_154.csv,20200207151431523_00209344_1_926.jpg,20200207151431498_00209343_0_154.jpg,975,482,1,0,0,1,0,0,0,0,1,0,0,0,0,0,0,0,0,0,0,0,0,1,0,0,0,0,7,0,260,165,0,84,75,950,650,0,0,50,50,50,1,1,-0.003,0.014,0.002,-0.074,1.74,2.075
20200207151748147_00217848_0_116.csv,20200207151748170_00217849_1_699.jpg,20200207151748147_00217848_0_116.jpg,975,447,1,0,0,1,0,0,0,0,1,0,0,0,0,0,0,0,0,0,1,0,0,0,0,0,0,0,4,0,260,165,0,85,75,950,650,0,0,50,50,50,1,1,4.997,4.997,0.005,-0.074,2.726,2.462
20200207160222051_00083037_0_178.csv,20200207160222075_00083038_1_1071.jpg,20200207160222051_00083037_0_178.jpg,1141,493,1,0,0,1,0,0,0,0,1,0,0,0,0,0,1,0,0,0,0,0,0,0,0,0,0,0,0,2,260,165,0,82,70,900,600,0,0,50,50,50,1,1,0.002,0.004,-0.005,-0.074,1.75,2.073
20200207160225595_00083190_0_114.csv,20200207160225618_00083191_1_689.jpg,20200207160225595_00083190_0_114.jpg,1141,495,1,0,0,1,0,0,0,0,1,0,0,0,0,0,0,0,0,1,0,0,0,0,0,0,0,0,3,2,260,165,0,83,70,900,600,0,0,50,50,50,1,1,-0.005,-0.004,-0.005,-0.075,2.408,2.27
20200207160357044_00087141_0_196.csv,20200207160357069_00087142_1_1180.jpg,20200207160357044_00087141_0_196.jpg,1141,495,1,0,0,1,0,0,0,0,1,0,0,0,0,0,1,0,0,0,0,0,0,0,0,0,0,0,0,2,260,165,0,83,70,900,600,0,0,50,50,50,1,1,5,-0.001,5.005,-0.077,1.74,2.098
20200207160710092_00095484_0_167.csv,20200207160710116_00095485_1_1003.jpg,20200207160710092_00095484_0_167.jpg,1141,495,1,0,0,1,0,0,0,0,1,0,0,0,0,0,1,0,0,0,0,0,0,0,0,0,0,0,0,2,260,165,0,83,70,950,600,0,0,50,50,50,1,1,5,4.994,0,-0.074,2.43,2.398
20200207161016263_00103530_0_115.csv,20200207161016290_00103531_1_4173.jpg,20200207161016263_00103530_0_115.jpg,1141,495,0,0,1,1,0,0,0,0,1,0,0,0,0,0,1,0,0,0,0,0,0,0,0,2,0,0,0,2,260,165,0,83,70,950,600,0,0,50,50,50,1,1,5.002,4.998,0.001,-0.074,2.719,2.411
20200207161706761_00121269_0_203.csv,20200207161706786_00121270_1_1223.jpg,20200207161706761_00121269_0_203.jpg,1141,495,1,0,0,0,0,0,1,0,1,0,0,0,0,0,1,0,0,0,0,0,0,0,0,0,3,0,0,2,260,165,0,83,70,950,600,0,0,50,50,50,1,1,-0.002,0.005,0,-0.074,1.75,2.047
20200207161836806_00125160_0_212.csv,20200207161836831_00125161_1_1275.jpg,20200207161836806_00125160_0_212.jpg,1141,495,1,0,0,1,0,0,0,0,1,0,0,0,0,0,0,0,0,0,1,0,0,0,0,0,0,0,4,2,260,165,0,81,70,950,650,0,0,50,50,50,1,1,-0.002,0.022,0.001,-0.075,1.732,2.046
20200207161847293_00125613_0_123.csv,20200207161847316_00125614_1_739.jpg,20200207161847293_00125613_0_123.jpg,1141,479,1,0,0,1,0,0,0,0,1,0,0,0,0,0,0,1,0,0,0,0,0,0,0,0,0,0,1,2,260,170,0,81,70,950,650,0,0,50,50,50,1,1,5.013,0.002,4.996,-0.074,2.719,2.336
20200207161852711_00125847_0_246.csv,20200207161852734_00125848_1_1478.jpg,20200207161852711_00125847_0_246.jpg,1141,495,1,0,0,1,0,0,0,0,1,0,0,0,0,0,0,0,0,0,0,0,0,1,0,0,0,0,7,2,260,170,0,81,70,960,660,0,0,50,50,50,1,1,0.005,0,0.002,-0.071,1.789,2.048
20200207163122614_00158247_0_215.csv,20200207163122640_00158248_1_1294.jpg,20200207163122614_00158247_0_215.jpg,1141,480,0,1,0,1,0,0,0,0,1,0,0,0,0,0,1,0,0,0,0,0,0,0,0,1,0,0,0,2,260,170,0,83,70,1000,700,0,0,50,50,50,1,1,-0.017,0.001,0.001,-0.074,1.783,2.073
20200207165911969_00230364_0_106.csv,20200207165911992_00230365_1_639.jpg,20200207165911969_00230364_0_106.jpg,960,467,1,0,0,1,0,0,0,0,1,0,0,0,0,0,0,1,0,0,0,0,0,0,0,0,0,0,1,0,260,170,0,81,70,950,600,0,0,50,50,50,1,1,4.998,5,-0.001,-0.074,2.708,2.334
20200207165947305_00231891_0_146.csv,20200207165947329_00231892_1_879.jpg,20200207165947305_00231891_0_146.jpg,960,475,0,0,1,1,0,0,0,0,1,0,0,0,0,0,1,0,0,0,0,0,0,0,0,2,0,0,0,0,260,170,0,82,70,950,650,0,0,50,50,50,1,1,0.022,0.005,0.005,-0.074,1.789,2.074
20200207170144343_00236946_0_173.csv,20200207170144368_00236947_1_1042.jpg,20200207170144343_00236946_0_173.jpg,960,454,1,0,0,1,0,0,0,0,1,0,0,0,0,0,1,0,0,0,0,0,0,0,0,0,0,0,0,0,260,170,0,82,70,950,650,0,0,50,50,50,1,1,-0.003,0.002,0.001,-0.073,1.796,2.073
20200207170652014_00250239_0_96.csv,20200207170652036_00250240_1_581.jpg,20200207170652014_00250239_0_96.jpg,960,467,1,0,0,1,0,0,0,0,1,0,0,0,0,0,1,0,0,0,0,0,0,0,0,0,0,0,0,0,260,170,0,82,70,1000,700,0,0,50,50,50,1,1,4.999,4.997,0.008,-0.076,2.719,2.348
20200207171057277_00260838_0_125.csv,20200207171057299_00260839_1_751.jpg,20200207171057277_00260838_0_125.jpg,960,469,1,0,0,1,0,0,0,0,1,0,0,0,0,0,1,0,0,0,0,0,0,0,0,0,0,0,0,0,260,170,0,82,70,1000,700,0,0,50,50,50,1,1,0,-0.01,-0.002,-0.074,1.789,2.039
20200207171301036_00266184_0_80.csv,20200207171301059_00266185_1_483.jpg,20200207171301036_00266184_0_80.jpg,960,458,0,1,0,1,0,0,0,0,1,0,0,0,0,0,1,0,0,0,0,0,0,0,0,1,0,0,0,0,260,170,0,82,70,1000,700,0,0,50,50,50,1,1,-0.001,-0.002,-0.016,-0.079,2.289,2.098
20200207171351076_00268347_0_85.csv,20200207171351099_00268348_1_511.jpg,20200207171351076_00268347_0_85.jpg,960,451,1,0,0,1,0,0,0,0,1,0,0,0,0,0,0,0,0,1,0,0,0,0,0,0,0,0,3,0,260,170,0,83,70,1000,700,0,0,50,50,50,1,1,-0.002,0.02,-0.022,-0.074,1.789,1.953
20200207171715176_00277167_0_213.csv,20200207171715201_00277168_1_1282.jpg,20200207171715176_00277167_0_213.jpg,960,447,1,0,0,1,0,0,0,0,1,0,0,0,0,0,0,0,0,0,1,0,0,0,0,0,0,0,4,0,260,170,0,82,70,1000,700,0,0,50,50,50,1,1,0,0.001,0.002,-0.074,1.79,2.051
20200207172024471_00285348_0_114.csv,20200207172024494_00285349_1_684.jpg,20200207172024471_00285348_0_114.jpg,960,470,1,0,0,0,1,0,0,0,1,0,0,0,0,0,1,0,0,0,0,0,0,0,0,0,1,0,0,0,260,170,0,83,70,1000,700,0,0,50,50,50,1,1,0,0.002,-0.008,-0.075,1.788,2.074
20200207172026064_00285417_0_88.csv,20200207172026087_00285418_1_530.jpg,20200207172026064_00285417_0_88.jpg,960,458,1,0,0,0,0,0,1,0,1,0,0,0,0,0,1,0,0,0,0,0,0,0,0,0,3,0,0,0,260,170,0,83,70,1000,700,0,0,50,50,50,1,1,0.005,0.021,0,-0.073,1.78,2.009
20200207173540920_00008427_0_518.csv,20200207173540946_00008428_1_3110.jpg,20200207173540920_00008427_0_518.jpg,960,462,1,0,0,0,1,0,0,0,1,0,0,0,0,0,1,0,0,0,0,0,0,0,0,0,1,0,0,2,260,165,0,82,75,960,600,0,0,50,50,50,1,1,-0.002,-0.001,-0.002,-0.072,1.754,2.097
20200207173702584_00011949_0_287.csv,20200207173702607_00011950_1_1722.jpg,20200207173702584_00011949_0_287.jpg,960,416,1,0,0,1,0,0,0,0,1,0,0,0,0,0,0,0,0,0,0,0,1,0,0,0,0,0,6,2,260,165,0,82,70,960,600,0,0,50,50,50,1,1,5.001,0.008,4.998,-0.074,2.718,2.398
20200207174459429_00032526_0_124.csv,20200207174459456_00032527_1_4469.jpg,20200207174459429_00032526_0_124.jpg,1065,471,1,0,0,1,0,0,0,0,1,0,0,0,0,0,0,0,0,0,1,0,0,0,0,0,0,0,4,2,260,165,0,81,70,960,600,0,0,50,50,50,1,1,4.998,5,0.003,-0.077,2.718,2.399
20200207174533778_00034011_0_103.csv,20200207174533801_00034012_1_619.jpg,20200207174533778_00034011_0_103.jpg,1065,459,1,0,0,1,0,0,0,0,1,0,0,0,0,0,0,1,0,0,0,0,0,0,0,0,0,0,1,2,270,170,0,82,70,960,600,0,0,50,50,50,1,1,0.001,0.003,0.002,-0.073,2.497,2.303
20200207174538842_00034230_0_221.csv,20200207174538867_00034231_1_1328.jpg,20200207174538842_00034230_0_221.jpg,1065,459,1,0,0,1,0,0,0,0,1,0,0,0,0,0,0,0,0,0,0,0,0,1,0,0,0,0,7,2,270,170,0,82,70,990,630,0,0,50,50,50,1,1,0.004,-0.002,-0.001,-0.075,1.804,2.046
20200207175635176_00062613_0_335.csv,20200207175635201_00062614_1_2010.jpg,20200207175635176_00062613_0_335.jpg,1065,504,1,0,0,1,0,0,0,0,1,0,0,0,0,0,1,0,0,0,0,0,0,0,0,0,0,0,0,2,270,170,0,81,70,1000,700,0,0,50,50,50,1,1,0.001,0,0.018,-0.076,1.79,2
20200207175814454_00066906_0_99.csv,20200207175814477_00066907_1_598.jpg,20200207175814454_00066906_0_99.jpg,1065,466,0,0,1,1,0,0,0,0,1,0,0,0,0,0,1,0,0,0,0,0,0,0,0,2,0,0,0,2,270,170,0,84,70,1000,700,0,0,50,50,50,1,1,4.977,-0.002,5.001,-0.076,2.823,2.448
20200207175958686_00071415_0_120.csv,20200207175958708_00071416_1_722.jpg,20200207175958686_00071415_0_120.jpg,1065,465,1,0,0,1,0,0,0,0,1,0,0,0,0,0,1,0,0,0,0,0,0,0,0,0,0,0,0,2,270,170,0,84,70,1000,700,0,0,50,50,50,1,1,4.999,-0.005,4.997,-0.077,2.83,2.421
20200207180014005_00072078_0_286.csv,20200207180014030_00072079_1_1716.jpg,20200207180014005_00072078_0_286.jpg,1065,444,0,1,0,1,0,0,0,0,1,0,0,0,0,0,1,0,0,0,0,0,0,0,0,1,0,0,0,2,270,170,0,84,70,1000,700,0,0,50,50,50,1,1,-0.003,-0.012,0.004,-0.074,1.788,2.069
20200207180415551_00082524_0_103.csv,20200207180415574_00082525_1_623.jpg,20200207180415551_00082524_0_103.jpg,1065,451,1,0,0,0,0,0,1,0,1,0,0,0,0,0,1,0,0,0,0,0,0,0,0,0,3,0,0,2,275,170,0,82,70,1000,700,0,0,50,50,50,1,1,5,5,-0.001,-0.073,2.865,2.497
20200207180428324_00083076_0_213.csv,20200207180428349_00083077_1_1280.jpg,20200207180428324_00083076_0_213.jpg,1065,496,1,0,0,1,0,0,0,0,1,0,0,0,0,0,1,0,0,0,0,0,0,0,0,0,0,0,0,2,275,170,0,82,70,1000,700,0,0,50,50,50,1,1,4.996,0.006,5.011,-0.073,2.876,2.422
20200207180529379_00085716_0_166.csv,20200207180529405_00085717_1_997.jpg,20200207180529379_00085716_0_166.jpg,1065,498,1,0,0,1,0,0,0,0,1,0,0,0,0,0,0,0,0,1,0,0,0,0,0,0,0,0,3,2,275,170,0,84,70,1000,700,0,0,50,50,50,1,1,5,4.994,-0.014,-0.074,2.886,2.555
20200207181926486_00006765_0_171.csv,20200207181926510_00006766_1_1030.jpg,20200207181926486_00006765_0_171.jpg,968,464,1,0,0,1,0,0,0,0,1,0,0,0,0,0,0,0,0,0,1,0,0,0,0,0,0,0,4,0,260,165,0,85,70,950,650,0,0,50,50,50,1,1,-0.004,0.002,-0.003,-0.074,1.748,2.209
20200207181930741_00006945_0_100.csv,20200207181930768_00006946_1_3634.jpg,20200207181930741_00006945_0_100.jpg,968,461,0,0,1,1,0,0,0,0,1,0,0,0,0,0,1,0,0,0,0,0,0,0,0,2,0,0,0,0,260,165,0,85,70,950,650,0,0,50,50,50,1,1,5.002,0.008,4.996,-0.074,2.727,2.497
20200207182053775_00010467_0_68.csv,20200207182053798_00010468_1_408.jpg,20200207182053775_00010467_0_68.jpg,968,463,1,0,0,1,0,0,0,0,1,0,0,0,0,0,1,0,0,0,0,0,0,0,0,0,0,0,0,0,260,175,0,84,70,950,650,0,0,50,50,50,1,1,4.996,4.998,-0.009,-0.073,2.719,2.447
20200207182220795_00014157_0_74.csv,20200207182220818_00014158_1_446.jpg,20200207182220795_00014157_0_74.jpg,968,463,1,0,0,0,1,0,0,0,1,0,0,0,0,0,1,0,0,0,0,0,0,0,0,0,1,0,0,0,260,180,0,85,70,950,650,0,0,50,50,50,1,1,4.988,0.001,4.999,-0.075,2.725,2.448
20200207182420382_00019212_0_125.csv,20200207182420405_00019213_1_750.jpg,20200207182420382_00019212_0_125.jpg,968,464,1,0,0,1,0,0,0,0,1,0,0,0,0,0,0,0,0,0,0,0,0,1,0,0,0,0,7,0,270,190,0,86,70,990,690,0,0,50,50,50,1,1,0.002,-0.011,0,-0.074,1.991,2.198
20200207183435162_00045195_0_116.csv,20200207183435186_00045196_1_700.jpg,20200207183435162_00045195_0_116.jpg,968,474,1,0,0,1,0,0,0,0,1,0,0,0,0,0,0,1,0,0,0,0,0,0,0,0,0,0,1,0,270,195,0,86,70,1000,700,0,0,50,50,50,1,1,0.01,0.001,-0.001,-0.074,2.032,2.122
20200207183845217_00055767_0_122.csv,20200207183845241_00055768_1_737.jpg,20200207183845217_00055767_0_122.jpg,968,478,0,1,0,1,0,0,0,0,1,0,0,0,0,0,1,0,0,0,0,0,0,0,0,1,0,0,0,0,270,200,0,87,70,1000,700,0,0,50,50,50,1,1,-0.001,0.01,-0.013,-0.076,2.08,2.18
20200207184129494_00062709_0_113.csv,20200207184129517_00062710_1_678.jpg,20200207184129494_00062709_0_113.jpg,968,463,1,0,0,1,0,0,0,0,1,0,0,0,0,0,1,0,0,0,0,0,0,0,0,0,0,0,0,0,270,200,0,87,70,1000,700,0,0,50,50,50,1,1,-0.001,0,0.015,-0.08,2.078,2.121
20200207184235221_00065487_0_146.csv,20200207184235244_00065488_1_880.jpg,20200207184235221_00065487_0_146.jpg,968,466,1,0,0,1,0,0,0,0,1,0,0,0,0,0,0,0,0,1,0,0,0,0,0,0,0,0,3,0,270,200,0,88,70,1000,700,0,0,50,50,50,1,1,-0.001,-0.001,0.016,-0.076,2.078,2.095
20200207184718116_00077445_0_139.csv,20200207184718139_00077446_1_837.jpg,20200207184718116_00077445_0_139.jpg,968,459,1,0,0,1,0,0,0,0,1,0,0,0,0,0,1,0,0,0,0,0,0,0,0,0,0,0,0,0,270,200,0,89,70,1000,700,0,0,50,50,50,1,1,-0.001,0.001,-0.001,-0.075,2.075,2.19
20200207185002315_00084387_0_125.csv,20200207185002338_00084388_1_755.jpg,20200207185002315_00084387_0_125.jpg,968,454,1,0,0,0,0,0,1,0,1,0,0,0,0,0,1,0,0,0,0,0,0,0,0,0,3,0,0,0,270,200,0,89,70,1000,700,0,0,50,50,50,1,1,-0.006,0.013,-0.017,-0.074,2.077,2.171
20200207185051939_00086484_0_97.csv,20200207185051962_00086485_1_583.jpg,20200207185051939_00086484_0_97.jpg,968,452,1,0,0,0,0,1,0,0,1,0,0,0,0,0,1,0,0,0,0,0,0,0,0,0,2,0,0,0,270,200,0,89,70,1000,700,0,0,50,50,50,1,1,4.997,5.002,0.003,-0.074,2.829,2.474
20200210092230682_00008571_0_113.csv,20200210092230704_00008572_1_678.jpg,20200210092230682_00008571_0_113.jpg,1104,548,1,0,0,1,0,0,0,0,1,0,0,0,0,0,0,0,0,1,0,0,0,0,0,0,0,0,3,2,260,165,0,86,70,1000,650,0,0,50,50,50,1,1,4.998,0.006,4.996,-0.073,2.727,2.497
20200210092255320_00009633_0_181.csv,20200210092255345_00009634_1_1087.jpg,20200210092255320_00009633_0_181.jpg,1104,506,1,0,0,0,0,0,1,0,1,0,0,0,0,0,1,0,0,0,0,0,0,0,0,0,3,0,0,2,260,165,0,87,70,1000,650,0,0,50,50,50,1,1,-0.008,0.002,-0.002,-0.074,1.759,2.18
20200210092432528_00013827_0_128.csv,20200210092432550_00013828_1_769.jpg,20200210092432528_00013827_0_128.jpg,1104,508,1,0,0,1,0,0,0,0,1,0,0,0,0,0,0,1,0,0,0,0,0,0,0,0,0,0,1,2,260,170,0,85,70,1000,650,0,0,50,50,50,1,1,4.995,0,4.991,-0.074,2.729,2.577
20200210092437972_00014061_0_127.csv,20200210092437996_00014062_1_766.jpg,20200210092437972_00014061_0_127.jpg,1104,507,1,0,0,1,0,0,0,0,1,0,0,0,0,0,0,0,0,0,0,0,0,1,0,0,0,0,7,2,260,170,0,85,70,1000,680,0,0,50,50,50,1,1,-0.003,0.004,-0.015,-0.076,1.819,2.145
20200210092540725_00016767_0_93.csv,20200210092540748_00016768_1_558.jpg,20200210092540725_00016767_0_93.jpg,1104,492,1,0,0,1,0,0,0,0,1,0,0,0,0,0,1,0,0,0,0,0,0,0,0,0,0,0,0,2,260,170,0,85,70,1000,700,0,0,50,50,50,1,1,4.998,0,5.003,-0.075,2.73,2.57
20200210093306831_00035973_0_99.csv,20200210093306855_00035974_1_595.jpg,20200210093306831_00035973_0_99.jpg,1104,491,0,1,0,1,0,0,0,0,1,0,0,0,0,0,1,0,0,0,0,0,0,0,0,1,0,0,0,2,260,170,0,85,70,1000,700,0,0,50,50,50,1,1,4.995,-0.002,5.002,-0.078,2.709,2.547
20200210093428436_00039489_0_1592.csv,20200210093428468_00039490_1_9556.jpg,20200210093428436_00039489_0_1592.jpg,1104,553,1,0,0,1,0,0,0,0,1,0,0,0,0,0,1,0,0,0,0,0,0,0,0,0,0,0,0,2,260,170,0,84,70,1000,700,0,0,50,50,50,1,1,4.989,-0.004,4.994,-0.075,2.406,2.331
20200210093446213_00040254_0_407.csv,20200210093446238_00040255_1_2447.jpg,20200210093446213_00040254_0_407.jpg,1085,464,1,0,0,1,0,0,0,0,1,0,0,0,0,0,0,0,0,0,1,0,0,0,0,0,0,0,4,2,260,170,0,87,70,1000,700,0,0,50,50,50,1,1,-0.015,-0.007,0.001,-0.074,1.777,2.103
20200210093525936_00041967_0_124.csv,20200210093525959_00041968_1_744.jpg,20200210093525936_00041967_0_124.jpg,1085,476,1,0,0,1,0,0,0,0,1,0,0,0,0,0,0,0,0,0,0,0,0,0,1,0,0,0,8,2,260,170,0,86,70,980,650,0,0,50,50,50,1,1,-0.011,-0.002,-0.001,-0.075,2.149,2.197
20200210093542375_00042675_0_165.csv,20200210093542400_00042676_1_993.jpg,20200210093542375_00042675_0_165.jpg,1085,476,0,0,1,1,0,0,0,0,1,0,0,0,0,0,1,0,0,0,0,0,0,0,0,2,0,0,0,2,260,170,0,82,70,950,650,0,0,50,50,50,1,1,-0.008,0,0.005,-0.074,1.801,2.047
20200210093559146_00043398_0_206.csv,20200210093559172_00043399_1_1236.jpg,20200210093559146_00043398_0_206.jpg,1085,478,1,0,0,0,0,0,0,1,1,0,0,0,0,0,1,0,0,0,0,0,0,0,0,0,4,0,0,2,260,170,0,83,70,950,650,0,0,50,50,50,1,1,0,-0.004,0.01,-0.074,1.797,1.998
20200210093626905_00044595_0_143.csv,20200210093626928_00044596_1_859.jpg,20200210093626905_00044595_0_143.jpg,1085,479,1,0,0,0,1,0,0,0,1,0,0,0,0,0,1,0,0,0,0,0,0,0,0,0,1,0,0,2,260,170,0,83,70,950,650,0,0,50,50,50,1,1,-0.008,0,0.001,-0.074,2.691,2.275
20200210093726494_00047163_0_128.csv,20200210093726518_00047164_1_773.jpg,20200210093726494_00047163_0_128.jpg,1085,479,1,0,0,1,0,0,0,0,1,0,0,0,0,0,1,0,0,0,0,0,0,0,0,0,0,0,0,2,260,170,0,83,70,950,650,0,0,50,50,50,1,1,4.989,0,5.002,-0.072,2.704,2.35
20200210100420455_00049752_0_101.csv,20200210100420478_00049753_1_611.jpg,20200210100420455_00049752_0_101.jpg,1064,468,1,0,0,0,0,0,1,0,1,0,0,0,0,0,1,0,0,0,0,0,0,0,0,0,3,0,0,0,260,170,0,85,70,1000,700,0,0,50,50,50,1,1,4.987,-0.005,4.997,-0.074,2.716,2.55
20200210100422120_00049824_0_172.csv,20200210100422144_00049825_1_1036.jpg,20200210100422120_00049824_0_172.jpg,1064,467,1,0,0,0,0,0,0,1,1,0,0,0,0,0,1,0,0,0,0,0,0,0,0,0,4,0,0,0,260,170,0,85,70,1000,700,0,0,50,50,50,1,1,-0.003,0.001,0.002,-0.076,1.797,2.15
20200210100905062_00062061_0_148.csv,20200210100905087_00062062_1_892.jpg,20200210100905062_00062061_0_148.jpg,1064,467,1,0,0,1,0,0,0,0,1,0,0,0,0,0,1,0,0,0,0,0,0,0,0,0,0,0,0,0,260,170,0,88,70,1000,700,0,0,50,50,50,1,1,0.014,0.013,-0.001,-0.074,1.789,2.177
20200210101155092_00069411_0_147.csv,20200210101155117_00069412_1_884.jpg,20200210101155092_00069411_0_147.jpg,1064,467,1,0,0,1,0,0,0,0,1,0,0,0,0,0,1,0,0,0,0,0,0,0,0,0,0,0,0,0,260,170,0,85,70,1000,700,0,0,50,50,50,1,1,0.006,-0.002,-0.017,-0.074,1.802,2.127
20200210101317109_00072957_0_133.csv,20200210101317132_00072958_1_798.jpg,20200210101317109_00072957_0_133.jpg,1064,467,1,0,0,1,0,0,0,0,1,0,0,0,0,0,0,0,0,0,1,0,0,0,0,0,0,0,4,0,260,170,0,85,70,1000,700,0,0,50,50,50,1,1,-0.003,0.002,-0.001,-0.075,1.803,2.198
20200210101410752_00075276_0_116.csv,20200210101410775_00075277_1_696.jpg,20200210101410752_00075276_0_116.jpg,1064,465,1,0,0,0,1,0,0,0,1,0,0,0,0,0,1,0,0,0,0,0,0,0,0,0,1,0,0,0,260,170,0,85,70,1000,700,0,0,50,50,50,1,1,0.002,-0.006,-0.001,-0.075,1.799,2.173
20200210102130615_00094215_0_87.csv,20200210102130638_00094216_1_524.jpg,20200210102130615_00094215_0_87.jpg,1064,468,1,0,0,1,0,0,0,0,1,0,0,0,0,0,1,0,0,0,0,0,0,0,0,0,0,0,0,0,260,170,0,85,70,1000,700,0,0,50,50,50,1,1,4.997,-0.006,5.005,-0.073,2.709,2.52
20200210102258522_00098001_0_92.csv,20200210102258546_00098002_1_556.jpg,20200210102258522_00098001_0_92.jpg,1064,460,1,0,0,1,0,0,0,0,1,0,0,0,0,0,0,0,0,1,0,0,0,0,0,0,0,0,3,0,260,170,0,87,70,1000,700,0,0,50,50,50,1,1,4.999,0.006,4.997,-0.075,2.708,2.476
20200210102517785_00103998_0_142.csv,20200210102517808_00103999_1_854.jpg,20200210102517785_00103998_0_142.jpg,1064,465,0,0,1,1,0,0,0,0,1,0,0,0,0,0,1,0,0,0,0,0,0,0,0,2,0,0,0,0,260,170,0,89,70,1000,700,0,0,50,50,50,1,1,-0.001,-0.001,0,-0.078,1.789,2.144
20200210102903229_00113703_0_119.csv,20200210102903253_00113704_1_716.jpg,20200210102903229_00113703_0_119.jpg,1064,470,0,1,0,1,0,0,0,0,1,0,0,0,0,0,1,0,0,0,0,0,0,0,0,1,0,0,0,0,260,170,0,86,70,1000,700,0,0,50,50,50,1,1,4.994,4.997,-0.002,-0.072,2.692,2.45
20200210103256490_00123750_0_104.csv,20200210103256513_00123751_1_626.jpg,20200210103256490_00123750_0_104.jpg,1044,448,1,0,0,0,0,1,0,0,1,0,0,0,0,0,1,0,0,0,0,0,0,0,0,0,2,0,0,0,260,170,0,86,70,1000,700,0,0,50,50,50,1,1,4.997,0.003,5.017,-0.075,2.717,2.396
20200210111513395_00007326_0_111.csv,20200210111513418_00007327_1_671.jpg,20200210111513395_00007326_0_111.jpg,1171,490,1,0,0,0,1,0,0,0,1,0,0,0,0,0,1,0,0,0,0,0,0,0,0,0,1,0,0,2,260,170,0,81,70,1000,700,0,0,50,50,50,1,1,4.997,0.006,4.997,-0.075,2.725,2.349
20200210111518547_00007548_0_101.csv,20200210111518570_00007549_1_608.jpg,20200210111518547_00007548_0_101.jpg,1171,490,1,0,0,1,0,0,0,0,1,0,0,0,0,0,1,0,0,0,0,0,0,0,0,0,0,0,0,2,260,170,0,81,70,1000,700,0,0,50,50,50,1,1,4.998,5.002,-0.005,-0.073,2.728,2.367
20200210111521195_00007662_0_170.csv,20200210111521221_00007663_1_1022.jpg,20200210111521195_00007662_0_170.jpg,1171,489,1,0,0,1,0,0,0,0,1,0,0,0,0,0,1,0,0,0,0,0,0,0,0,0,0,0,0,2,260,170,0,81,70,1000,700,0,0,50,50,50,1,1,4.996,-0.002,4.996,-0.073,2.386,2.327
20200210112511012_00033066_0_167.csv,20200210112511037_00033067_1_1007.jpg,20200210112511012_00033066_0_167.jpg,1171,491,0,1,0,1,0,0,0,0,1,0,0,0,0,0,1,0,0,0,0,0,0,0,0,1,0,0,0,2,260,170,0,83,70,1000,700,0,0,50,50,50,1,1,-0.001,0,-0.002,-0.075,1.799,2.099
20200210112555264_00034971_0_120.csv,20200210112555287_00034972_1_725.jpg,20200210112555264_00034971_0_120.jpg,1171,492,1,0,0,1,0,0,0,0,1,0,0,0,0,0,0,0,0,1,0,0,0,0,0,0,0,0,3,2,260,170,0,85,70,1000,700,0,0,50,50,50,1,1,4.998,0.001,4.999,-0.072,2.719,2.486
20200210112923240_00043932_0_105.csv,20200210112923263_00043933_1_630.jpg,20200210112923240_00043932_0_105.jpg,1171,491,1,0,0,0,0,0,1,0,1,0,0,0,0,0,1,0,0,0,0,0,0,0,0,0,3,0,0,2,260,170,0,85,70,1000,700,0,0,50,50,50,1,1,5,-0.001,4.991,-0.077,2.729,2.504
20200210113059196_00048066_0_141.csv,20200210113059219_00048067_1_847.jpg,20200210113059196_00048066_0_141.jpg,1171,490,1,0,0,1,0,0,0,0,1,0,0,0,0,0,0,0,0,0,1,0,0,0,0,0,0,0,4,2,260,170,0,83,70,1000,700,0,0,50,50,50,1,1,4.993,0.008,4.994,-0.074,2.715,2.498
20200210113739792_00065319_0_198.csv,20200210113739817_00065320_1_1192.jpg,20200210113739792_00065319_0_198.jpg,1171,485,1,0,0,1,0,0,0,0,1,0,0,0,0,0,1,0,0,0,0,0,0,0,0,0,0,0,0,2,260,170,0,85,70,1000,700,0,0,50,50,50,1,1,-0.001,0.001,-0.005,-0.074,1.78,2.09
20200210114331629_00080469_0_97.csv,20200210114331652_00080470_1_587.jpg,20200210114331629_00080469_0_97.jpg,1171,506,0,0,1,1,0,0,0,0,1,0,0,0,0,0,1,0,0,0,0,0,0,0,0,2,0,0,0,2,260,170,0,85,70,1000,700,0,0,50,50,50,1,1,-0.001,-0.005,0.005,-0.074,2.718,2.348
20200212111948570_00023214_0_85.csv,20200212111948593_00023215_1_598.jpg,20200212111948570_00023214_0_85.jpg,1055,603,1,0,0,1,0,0,0,0,1,0,0,0,0,0,0,0,0,0,1,0,0,0,0,0,0,0,4,2,250,160,0,91,70,1000,700,0,0,50,50,50,1,1,4.996,0.001,4.997,-0.785,2.61,2.698
20200212113143454_00053415_0_86.csv,20200212113143478_00053416_1_608.jpg,20200212113143454_00053415_0_86.jpg,1055,603,1,0,0,1,0,0,0,0,1,0,0,0,0,0,1,0,0,0,0,0,0,0,0,0,0,0,0,2,250,160,0,90,70,1000,700,0,0,50,50,50,1,1,5,4.995,0.005,-1.448,2.606,2.648
20200212113721572_00067701_0_72.csv,20200212113721594_00067702_1_506.jpg,20200212113721572_00067701_0_72.jpg,1055,601,1,0,0,1,0,0,0,0,1,0,0,0,0,0,1,0,0,0,0,0,0,0,0,0,0,0,0,2,250,160,0,90,70,1000,700,0,0,50,50,50,1,1,0.001,-0.001,0,-1.765,2.604,2.725
20200212113906518_00072135_0_80.csv,20200212113906541_00072136_1_562.jpg,20200212113906518_00072135_0_80.jpg,1055,600,0,1,0,1,0,0,0,0,1,0,0,0,0,0,1,0,0,0,0,0,0,0,0,1,0,0,0,2,250,160,0,90,70,1000,700,0,0,50,50,50,1,1,5.002,0.002,5.002,-1.864,2.612,2.663
20200212113919591_00072687_0_84.csv,20200212113919614_00072688_1_590.jpg,20200212113919591_00072687_0_84.jpg,1055,595,1,0,0,0,1,0,0,0,1,0,0,0,0,0,1,0,0,0,0,0,0,0,0,0,1,0,0,2,250,160,0,90,70,1000,700,0,0,50,50,50,1,1,-0.008,0.002,-0.001,-1.876,2.576,2.621
20200212114204320_00079647_0_84.csv,20200212114204343_00079648_1_589.jpg,20200212114204320_00079647_0_84.jpg,1055,599,1,0,0,1,0,0,0,0,1,0,0,0,0,0,0,0,0,1,0,0,0,0,0,0,0,0,3,2,250,160,0,91,70,1000,700,0,0,50,50,50,1,1,5,0.002,5.002,-2.035,2.609,2.598
20200212114704563_00092331_0_65.csv,20200212114704586_00092332_1_459.jpg,20200212114704563_00092331_0_65.jpg,1055,593,0,0,1,1,0,0,0,0,1,0,0,0,0,0,1,0,0,0,0,0,0,0,0,2,0,0,0,2,250,160,0,91,70,1000,700,0,0,50,50,50,1,1,4.999,0.002,4.988,-2.32,2.61,2.722
20200212114745468_00094059_0_81.csv,20200212114745491_00094060_1_573.jpg,20200212114745468_00094059_0_81.jpg,1055,591,1,0,0,1,0,0,0,0,1,0,0,0,0,0,1,0,0,0,0,0,0,0,0,0,0,0,0,2,250,160,0,91,70,1000,700,0,0,50,50,50,1,1,4.999,4.999,0.002,-2.358,2.596,2.593
20200212143634325_00157812_0_136.csv,20200212143634350_00157813_1_956.jpg,20200212143634325_00157812_0_136.jpg,1071,614,0,1,0,1,0,0,0,0,1,0,0,0,0,0,1,0,0,0,0,0,0,0,0,1,0,0,0,0,250,150,0,91,70,1000,700,0,0,50,50,50,1,1,-0.003,0.002,0.005,-0.74,1.599,2.297
20200212143703061_00159054_0_94.csv,20200212143703083_00159055_1_661.jpg,20200212143703061_00159054_0_94.jpg,1071,610,1,0,0,1,0,0,0,0,1,0,0,0,0,0,1,0,0,0,0,0,0,0,0,0,0,0,0,0,250,150,0,91,70,1000,700,0,0,50,50,50,1,1,4.998,-0.004,4.995,-0.764,2.611,2.724
20200212143809519_00161928_0_145.csv,20200212143809544_00161929_1_1016.jpg,20200212143809519_00161928_0_145.jpg,1071,613,1,0,0,0,0,0,0,1,1,0,0,0,0,0,1,0,0,0,0,0,0,0,0,0,4,0,0,0,250,150,0,91,70,1000,700,0,0,50,50,50,1,1,0.004,0.003,-0.006,-0.83,1.598,2.326
20200212144136504_00170877_0_180.csv,20200212144136529_00170878_1_1261.jpg,20200212144136504_00170877_0_180.jpg,1071,613,1,0,0,1,0,0,0,0,1,0,0,0,0,0,1,0,0,0,0,0,0,0,0,0,0,0,0,0,250,150,0,91,70,1000,700,0,0,50,50,50,1,1,-0.001,0.001,0,-1.019,1.59,2.249
20200212144350864_00176685_0_115.csv,20200212144350887_00176686_1_809.jpg,20200212144350864_00176685_0_115.jpg,1071,608,1,0,0,1,0,0,0,0,1,0,0,0,0,0,0,0,0,0,1,0,0,0,0,0,0,0,4,0,250,150,0,90,70,1000,700,0,0,50,50,50,1,1,4.997,0,5.002,-1.143,2.609,2.7
20200212144926779_00191205_0_128.csv,20200212144926803_00191206_1_897.jpg,20200212144926779_00191205_0_128.jpg,1071,613,1,0,0,1,0,0,0,0,1,0,0,0,0,0,1,0,0,0,0,0,0,0,0,0,0,0,0,0,250,150,0,90,70,1000,700,0,0,50,50,50,1,1,4.994,-0.001,4.997,-1.461,2.577,2.723
20200212145242347_00199659_0_129.csv,20200212145242372_00199660_1_908.jpg,20200212145242347_00199659_0_129.jpg,1071,606,1,0,0,0,1,0,0,0,1,0,0,0,0,0,1,0,0,0,0,0,0,0,0,0,1,0,0,0,250,150,0,89,70,1000,700,0,0,50,50,50,1,1,0.002,-0.003,-0.01,-1.643,1.599,2.166
20200212145357041_00202887_0_80.csv,20200212145357064_00202888_1_566.jpg,20200212145357041_00202887_0_80.jpg,1071,607,1,0,0,0,0,0,1,0,1,0,0,0,0,0,1,0,0,0,0,0,0,0,0,0,3,0,0,0,250,150,0,89,70,1000,700,0,0,50,50,50,1,1,4.997,-0.005,5,-1.708,2.609,2.694
20200212145420830_00203916_0_99.csv,20200212145420854_00203917_1_693.jpg,20200212145420830_00203916_0_99.jpg,1071,612,0,0,1,1,0,0,0,0,1,0,0,0,0,0,1,0,0,0,0,0,0,0,0,2,0,0,0,0,250,150,0,89,70,1000,700,0,0,50,50,50,1,1,4.988,0.001,4.999,-1.727,2.61,2.721
20200212150432837_00230370_0_75.csv,20200212150432861_00230371_1_527.jpg,20200212150432837_00230370_0_75.jpg,1071,601,1,0,0,0,0,1,0,0,1,0,0,0,0,0,1,0,0,0,0,0,0,0,0,0,2,0,0,0,250,150,0,89,70,1000,700,0,0,50,50,50,1,1,5.004,0.002,5.002,-2.312,2.608,2.698
20200212152401546_00278556_0_125.csv,20200212152401571_00278557_1_875.jpg,20200212152401546_00278556_0_125.jpg,940,598,1,0,0,0,0,0,1,0,1,0,0,0,0,0,1,0,0,0,0,0,0,0,0,0,3,0,0,0,250,150,0,89,70,1000,700,0,0,50,50,50,1,1,0.008,0.004,-0.002,-0.954,1.6,2.249
20200212152546925_00283008_0_72.csv,20200212152546948_00283009_1_505.jpg,20200212152546925_00283008_0_72.jpg,940,598,1,0,0,1,0,0,0,0,1,0,0,0,0,0,1,0,0,0,0,0,0,0,0,0,0,0,0,0,250,150,0,89,70,1000,700,0,0,50,50,50,1,1,4.995,0.001,4.986,-1.045,2.609,2.596
20200212153158889_00298719_0_66.csv,20200212153158913_00298720_1_464.jpg,20200212153158889_00298719_0_66.jpg,940,626,0,1,0,1,0,0,0,0,1,0,0,0,0,0,1,0,0,0,0,0,0,0,0,1,0,0,0,0,250,150,0,89,70,1000,700,0,0,50,50,50,1,1,4.996,0.001,5.008,-1.399,2.607,2.699
20200212153557332_00308790_0_84.csv,20200212153557354_00308791_1_590.jpg,20200212153557332_00308790_0_84.jpg,940,619,1,0,0,1,0,0,0,0,1,0,0,0,0,0,0,0,0,1,0,0,0,0,0,0,0,0,3,0,250,150,0,90,70,1000,700,0,0,50,50,50,1,1,0.003,-0.001,-0.003,-1.622,1.609,2.225
20200212153616422_00309597_0_87.csv,20200212153616444_00309598_1_615.jpg,20200212153616422_00309597_0_87.jpg,940,627,1,0,0,1,0,0,0,0,1,0,0,0,0,0,1,0,0,0,0,0,0,0,0,0,0,0,0,0,250,150,0,90,70,1000,700,0,0,50,50,50,1,1,0.011,0.002,-0.003,-1.642,1.588,2.25
20200212154014598_00319659_0_95.csv,20200212154014621_00319660_1_667.jpg,20200212154014598_00319659_0_95.jpg,940,600,1,0,0,1,0,0,0,0,1,0,0,0,0,0,1,0,0,0,0,0,0,0,0,0,0,0,0,0,250,150,0,90,70,1000,700,0,0,50,50,50,1,1,0.002,0.008,0.005,-1.861,1.597,2.196
20200212154734628_00338247_0_70.csv,20200212154734651_00338248_1_492.jpg,20200212154734628_00338247_0_70.jpg,940,590,1,0,0,0,1,0,0,0,1,0,0,0,0,0,1,0,0,0,0,0,0,0,0,0,1,0,0,0,250,150,0,90,70,1000,700,0,0,50,50,50,1,1,5.002,0,5,-2.28,1.599,2.28
20200212154740234_00338484_0_79.csv,20200212154740257_00338485_1_555.jpg,20200212154740234_00338484_0_79.jpg,940,600,0,0,1,1,0,0,0,0,1,0,0,0,0,0,1,0,0,0,0,0,0,0,0,2,0,0,0,0,250,150,0,90,70,1000,700,0,0,50,50,50,1,1,0.001,0,0.001,-2.29,1.609,2.26
20200212162027358_00394785_0_96.csv,20200212162027386_00394786_1_4073.jpg,20200212162027358_00394785_0_96.jpg,1076,550,1,0,0,0,0,0,1,0,1,0,0,0,0,0,1,0,0,0,0,0,0,0,0,0,3,0,0,2,250,150,0,89,70,1000,700,0,0,50,50,50,1,1,5.003,5.001,0,-0.782,2.611,2.648
20200212162122318_00397107_0_110.csv,20200212162122341_00397108_1_774.jpg,20200212162122318_00397107_0_110.jpg,1076,549,1,0,0,1,0,0,0,0,1,0,0,0,0,0,1,0,0,0,0,0,0,0,0,0,0,0,0,2,250,150,0,89,70,1000,700,0,0,50,50,50,1,1,4.994,-0.009,4.998,-0.833,2.609,2.651
20200212162145065_00398067_0_163.csv,20200212162145090_00398068_1_1147.jpg,20200212162145065_00398067_0_163.jpg,1076,548,1,0,0,0,1,0,0,0,1,0,0,0,0,0,1,0,0,0,0,0,0,0,0,0,1,0,0,2,250,150,0,89,70,1000,700,0,0,50,50,50,1,1,-0.001,0,-0.001,-0.854,1.601,2.223
20200212163437166_00430683_0_150.csv,20200212163437191_00430684_1_1055.jpg,20200212163437166_00430683_0_150.jpg,1076,544,1,0,0,1,0,0,0,0,1,0,0,0,0,0,1,0,0,0,0,0,0,0,0,0,0,0,0,2,250,150,0,89,70,1000,700,0,0,50,50,50,1,1,0,-0.002,0.003,-1.573,1.602,2.249
20200212163913311_00442347_0_95.csv,20200212163913334_00442348_1_669.jpg,20200212163913311_00442347_0_95.jpg,1076,544,0,1,0,1,0,0,0,0,1,0,0,0,0,0,1,0,0,0,0,0,0,0,0,1,0,0,0,2,250,150,0,89,70,1000,700,0,0,50,50,50,1,1,4.996,4.998,0.003,-1.833,2.608,2.649
20200212164118500_00447636_0_82.csv,20200212164118522_00447637_1_578.jpg,20200212164118500_00447636_0_82.jpg,1076,544,1,0,0,1,0,0,0,0,1,0,0,0,0,0,1,0,0,0,0,0,0,0,0,0,0,0,0,2,250,150,0,89,70,1000,700,0,0,50,50,50,1,1,5.011,0,4.997,-1.952,2.607,2.598
20200212164924070_00468141_0_129.csv,20200212164924094_00468142_1_904.jpg,20200212164924070_00468141_0_129.jpg,1076,532,0,0,1,1,0,0,0,0,1,0,0,0,0,0,1,0,0,0,0,0,0,0,0,2,0,0,0,2,250,150,0,89,70,1000,700,0,0,50,50,50,1,1,0.001,-0.002,0.007,-2.42,1.609,2.174
20200212170042858_00491853_0_76.csv,20200212170042881_00491854_1_533.jpg,20200212170042858_00491853_0_76.jpg,944,618,1,0,0,0,0,0,1,0,1,0,0,0,0,0,1,0,0,0,0,0,0,0,0,0,3,0,0,0,250,150,0,89,70,1000,700,0,0,50,50,50,1,1,5.002,0,4.991,-0.76,2.619,2.549
20200212170232847_00496608_0_90.csv,20200212170232870_00496609_1_635.jpg,20200212170232847_00496608_0_90.jpg,944,618,1,0,0,0,1,0,0,0,1,0,0,0,0,0,1,0,0,0,0,0,0,0,0,0,1,0,0,0,250,150,0,89,70,1000,700,0,0,50,50,50,1,1,4.999,-0.002,5.013,-0.867,2.606,2.553
20200212170946091_00515337_0_169.csv,20200212170946116_00515338_1_1183.jpg,20200212170946091_00515337_0_169.jpg,944,618,0,1,0,1,0,0,0,0,1,0,0,0,0,0,1,0,0,0,0,0,0,0,0,1,0,0,0,0,250,150,0,89,70,1000,700,0,0,50,50,50,1,1,0.005,-0.005,-0.002,-1.273,1.606,2.148
20200212170948658_00515448_0_79.csv,20200212170948685_00515449_1_3322.jpg,20200212170948658_00515448_0_79.jpg,944,617,1,0,0,1,0,0,0,0,1,0,0,0,0,0,1,0,0,0,0,0,0,0,0,0,0,0,0,0,250,150,0,89,70,1000,700,0,0,50,50,50,1,1,4.997,0.003,4.992,-1.272,2.599,2.623
20200212171014814_00516579_0_79.csv,20200212171014837_00516580_1_557.jpg,20200212171014814_00516579_0_79.jpg,944,618,1,0,0,1,0,0,0,0,1,0,0,0,0,0,1,0,0,0,0,0,0,0,0,0,0,0,0,0,250,150,0,89,70,1000,700,0,0,50,50,50,1,1,4.991,-0.003,4.999,-1.302,2.609,2.516
20200212171927668_00540477_0_96.csv,20200212171927691_00540478_1_675.jpg,20200212171927668_00540477_0_96.jpg,944,638,1,0,0,1,0,0,0,0,1,0,0,0,0,0,1,0,0,0,0,0,0,0,0,0,0,0,0,0,250,150,0,89,70,1000,700,0,0,50,50,50,1,1,4.998,4.999,0.006,-1.813,2.608,2.598
20200212172914755_00565854_0_79.csv,20200212172914778_00565855_1_555.jpg,20200212172914755_00565854_0_79.jpg,944,605,1,0,0,0,0,1,0,0,1,0,0,0,0,0,1,0,0,0,0,0,0,0,0,0,2,0,0,0,250,150,0,89,70,1000,700,0,0,50,50,50,1,1,5.002,-0.007,4.989,-2.372,2.613,2.547
20200212172933627_00566670_0_98.csv,20200212172933651_00566671_1_687.jpg,20200212172933627_00566670_0_98.jpg,944,613,0,0,1,1,0,0,0,0,1,0,0,0,0,0,1,0,0,0,0,0,0,0,0,2,0,0,0,0,250,150,0,89,70,1000,700,0,0,50,50,50,1,1,4.998,4.993,-0.002,-2.392,2.608,2.565
20200213170247306_00014199_0_152.csv,20200213170247330_00014200_1_1069.jpg,20200213170247306_00014199_0_152.jpg,1020,599,1,0,0,1,0,0,0,0,1,0,0,0,0,0,0,0,0,0,0,0,1,0,0,0,0,0,6,2,270,180,0,96,65,1100,800,0,0,50,50,50,1,1,5.001,4.997,-0.003,-0.83,1.902,2.476
20200213170609393_00022740_0_98.csv,20200213170609417_00022741_1_692.jpg,20200213170609393_00022740_0_98.jpg,1020,604,1,0,0,1,0,0,0,0,1,0,0,0,0,0,0,0,0,0,1,0,0,0,0,0,0,0,4,2,270,180,0,95,65,1100,800,0,0,50,50,50,1,1,4.997,4.997,-0.001,-0.997,2.838,2.792
20200213171042890_00034302_0_159.csv,20200213171042915_00034303_1_1118.jpg,20200213171042890_00034302_0_159.jpg,1020,604,1,0,0,1,0,0,0,0,1,0,0,0,0,0,1,0,0,0,0,0,0,0,0,0,0,0,0,2,270,180,0,96,65,1100,800,0,0,50,50,50,1,1,0.004,0,0.002,-1.246,1.914,2.401
20200213171734144_00051684_0_135.csv,20200213171734168_00051685_1_949.jpg,20200213171734144_00051684_0_135.jpg,1020,604,1,0,0,1,0,0,0,0,1,0,0,0,0,0,1,0,0,0,0,0,0,0,0,0,0,0,0,2,270,180,0,96,65,1100,800,0,0,50,50,50,1,1,0,-0.001,-0.005,-1.604,1.91,2.427
20200213172056594_00060237_0_57.csv,20200213172056617_00060238_1_402.jpg,20200213172056594_00060237_0_57.jpg,1020,604,0,1,0,1,0,0,0,0,1,0,0,0,0,0,1,0,0,0,0,0,0,0,0,1,0,0,0,2,270,180,0,97,65,1100,800,0,0,50,50,50,1,1,5,-0.005,4.999,-1.779,2.845,2.8
20200213172413996_00068580_0_135.csv,20200213172414021_00068581_1_947.jpg,20200213172413996_00068580_0_135.jpg,1020,592,1,0,0,1,0,0,0,0,1,0,0,0,0,0,0,0,0,1,0,0,0,0,0,0,0,0,3,2,270,180,0,99,65,1100,800,0,0,50,50,50,1,1,0.009,0.003,0.002,-1.954,1.908,2.347
20200213172425847_00069081_0_54.csv,20200213172425871_00069082_1_379.jpg,20200213172425847_00069081_0_54.jpg,1020,598,1,0,0,0,1,0,0,0,1,0,0,0,0,0,1,0,0,0,0,0,0,0,0,0,1,0,0,2,270,180,0,99,65,1100,800,0,0,50,50,50,1,1,0.005,0,0.003,-1.964,1.911,2.348
20200213172818053_00078894_0_118.csv,20200213172818078_00078895_1_829.jpg,20200213172818053_00078894_0_118.jpg,1020,596,1,0,0,0,0,0,0,1,1,0,0,0,0,0,1,0,0,0,0,0,0,0,0,0,4,0,0,2,270,180,0,100,65,1100,800,0,0,50,50,50,1,1,-0.003,-0.001,0.001,-2.171,1.898,2.446
20200213172819752_00078966_0_46.csv,20200213172819775_00078967_1_324.jpg,20200213172819752_00078966_0_46.jpg,1020,596,1,0,0,0,0,1,0,0,1,0,0,0,0,0,1,0,0,0,0,0,0,0,0,0,2,0,0,2,270,180,0,100,65,1100,800,0,0,50,50,50,1,1,4.999,5.001,0.003,-2.169,2.83,2.901
20200213173027730_00084375_0_50.csv,20200213173027753_00084376_1_350.jpg,20200213173027730_00084375_0_50.jpg,1020,595,1,0,0,1,0,0,0,0,1,0,0,0,0,0,1,0,0,0,0,0,0,0,0,0,0,0,0,2,270,180,0,100,65,1100,800,0,0,50,50,50,1,1,4.995,5.005,-0.001,-2.284,2.838,2.897
20200213173113387_00086304_0_75.csv,20200213173113410_00086305_1_525.jpg,20200213173113387_00086304_0_75.jpg,1020,593,1,0,0,0,0,0,1,0,1,0,0,0,0,0,1,0,0,0,0,0,0,0,0,0,3,0,0,2,270,180,0,100,65,1100,800,0,0,50,50,50,1,1,4.998,4.999,-0.004,-2.315,2.834,2.997
20200213173240616_00089991_0_68.csv,20200213173240639_00089992_1_481.jpg,20200213173240616_00089991_0_68.jpg,1020,591,0,0,1,1,0,0,0,0,1,0,0,0,0,0,1,0,0,0,0,0,0,0,0,2,0,0,0,2,270,180,0,100,65,1100,800,0,0,50,50,50,1,1,4.988,-0.008,4.999,-2.404,2.814,2.81
20200213174601264_00122610_0_165.csv,20200213174601289_00122611_1_1156.jpg,20200213174601264_00122610_0_165.jpg,936,479,1,0,0,1,0,0,0,0,0,0,0,1,0,0,1,0,0,0,0,0,0,0,0,0,0,3,0,0,270,180,0,87,65,1100,800,2,2,50,50,50,1,1,0.007,0,-0.001,-0.919,1.92,2.149
20200213174958324_00132627_0_156.csv,20200213174958349_00132628_1_1096.jpg,20200213174958324_00132627_0_156.jpg,936,479,1,0,0,0,0,1,0,0,1,0,0,0,0,0,1,0,0,0,0,0,0,0,0,0,2,0,0,0,270,180,0,87,65,1100,800,3,3,50,50,50,1,1,-0.002,-0.001,0.002,-1.117,1.931,2.176
20200213175033662_00134121_0_98.csv,20200213175033685_00134122_1_688.jpg,20200213175033662_00134121_0_98.jpg,936,480,1,0,0,0,0,0,0,1,1,0,0,0,0,0,1,0,0,0,0,0,0,0,0,0,4,0,0,0,270,180,0,87,65,1100,800,3,3,50,50,50,1,1,5.002,0.012,5.002,-1.148,2.828,2.52
20200213175122983_00136206_0_70.csv,20200213175123006_00136207_1_496.jpg,20200213175122983_00136206_0_70.jpg,936,478,1,0,0,1,0,0,0,0,1,0,0,0,0,0,0,1,0,0,0,0,0,0,0,0,0,0,1,0,278,180,0,87,65,1100,800,3,3,50,50,50,1,1,4.999,4.997,0.003,-1.197,2.918,2.528
20200213175549657_00147474_0_89.csv,20200213175549680_00147475_1_629.jpg,20200213175549657_00147474_0_89.jpg,936,479,1,0,0,1,0,0,0,0,1,0,0,0,0,0,1,0,0,0,0,0,0,0,0,0,0,0,0,0,280,180,0,87,65,1100,800,3,3,50,50,50,1,1,5.002,0.003,5.001,-1.427,2.938,2.571
20200213180116245_00161274_0_136.csv,20200213180116270_00161275_1_958.jpg,20200213180116245_00161274_0_136.jpg,936,478,1,0,0,1,0,0,0,0,1,0,0,0,0,0,1,0,0,0,0,0,0,0,0,0,0,0,0,0,280,180,0,87,65,1100,800,3,3,50,50,50,1,1,-0.006,0,0,-1.712,1.904,2.199
20200213180125043_00161646_0_64.csv,20200213180125066_00161647_1_450.jpg,20200213180125043_00161646_0_64.jpg,936,478,1,0,0,1,0,0,0,0,1,0,0,0,0,0,1,0,0,0,0,0,0,0,0,0,0,0,0,0,280,180,0,87,65,1100,800,3,3,50,50,50,1,1,4.996,4.995,-0.006,-1.721,2.938,2.524
20200213180239030_00164772_0_64.csv,20200213180239052_00164773_1_450.jpg,20200213180239030_00164772_0_64.jpg,936,476,1,0,0,1,0,0,0,0,1,0,0,0,0,0,0,0,0,0,1,0,0,0,0,0,0,0,4,0,280,180,0,86,65,1100,800,4,4,50,50,50,1,1,5.001,5.002,0.002,-1.787,2.949,2.502
20200213180244562_00165006_0_134.csv,20200213180244587_00165007_1_940.jpg,20200213180244562_00165006_0_134.jpg,936,478,1,0,0,0,0,0,1,0,1,0,0,0,0,0,1,0,0,0,0,0,0,0,0,0,3,0,0,0,280,180,0,86,65,1100,800,4,4,50,50,50,1,1,4.997,4.996,0.002,-1.79,1.918,2.204
20200213180316433_00166353_0_130.csv,20200213180316457_00166354_1_911.jpg,20200213180316433_00166353_0_130.jpg,936,495,1,0,0,0,1,0,0,0,1,0,0,0,0,0,1,0,0,0,0,0,0,0,0,0,1,0,0,0,280,180,0,86,65,1100,800,4,4,50,50,50,1,1,0.004,-0.002,0.001,-1.823,1.911,2.152
20200213181210583_00188925_0_102.csv,20200213181210606_00188926_1_718.jpg,20200213181210583_00188925_0_102.jpg,936,466,0,1,0,1,0,0,0,0,1,0,0,0,0,0,1,0,0,0,0,0,0,0,0,1,0,0,0,0,280,180,0,86,65,1100,800,4,4,50,50,50,1,1,4.996,4.999,0.003,-2.296,2.592,2.426
20200213181321891_00191931_0_77.csv,20200213181321914_00191932_1_539.jpg,20200213181321891_00191931_0_77.jpg,936,484,0,0,1,1,0,0,0,0,1,0,0,0,0,0,1,0,0,0,0,0,0,0,0,2,0,0,0,0,280,180,0,86,65,1100,800,4,4,50,50,50,1,1,5.001,0.001,5.002,-2.36,2.938,2.443
20200213181349737_00193104_0_107.csv,20200213181349764_00193105_1_4529.jpg,20200213181349737_00193104_0_107.jpg,936,464,1,0,0,1,0,0,0,0,1,0,0,0,0,0,0,0,0,1,0,0,0,0,0,0,0,0,3,0,280,180,0,88,65,1100,800,4,4,50,50,50,1,1,4.998,-0.006,5.001,-2.383,2.937,2.43
20200213182957606_00232425_0_88.csv,20200213182957633_00232426_1_3721.jpg,20200213182957606_00232425_0_88.jpg,1043,491,1,0,0,1,0,0,0,0,1,0,0,0,0,0,0,0,0,1,0,0,0,0,0,0,0,0,3,2,280,180,0,89,70,1000,700,0,0,50,50,50,1,1,4.986,4.995,-0.003,-0.998,2.946,2.641
20200213183247529_00239604_0_93.csv,20200213183247552_00239605_1_651.jpg,20200213183247529_00239604_0_93.jpg,1043,489,1,0,0,1,0,0,0,0,1,0,0,0,0,0,1,0,0,0,0,0,0,0,0,0,0,0,0,2,280,180,0,89,70,1000,700,0,0,50,50,50,1,1,4.998,4.997,0,-1.16,2.939,2.745
20200213183836729_00254361_0_75.csv,20200213183836751_00254362_1_528.jpg,20200213183836729_00254361_0_75.jpg,1043,489,0,1,0,1,0,0,0,0,1,0,0,0,0,0,1,0,0,0,0,0,0,0,0,1,0,0,0,2,280,180,0,89,70,1000,700,0,0,50,50,50,1,1,4.995,-0.002,4.991,-1.432,2.938,2.648
20200213184116985_00261135_0_82.csv,20200213184117007_00261136_1_576.jpg,20200213184116985_00261135_0_82.jpg,1043,491,1,0,0,1,0,0,0,0,1,0,0,0,0,0,1,0,0,0,0,0,0,0,0,0,0,0,0,2,280,180,0,89,70,1000,700,0,0,50,50,50,1,1,0.014,0.006,0,-1.586,1.909,2.197
20200213184311136_00265959_0_153.csv,20200213184311161_00265960_1_1077.jpg,20200213184311136_00265959_0_153.jpg,1043,489,1,0,0,1,0,0,0,0,1,0,0,0,0,0,1,0,0,0,0,0,0,0,0,0,0,0,0,2,280,180,0,90,70,1000,700,0,0,50,50,50,1,1,0,-0.002,0.005,-1.685,1.907,2.253
20200213184313482_00266058_0_116.csv,20200213184313507_00266059_1_816.jpg,20200213184313482_00266058_0_116.jpg,1043,489,1,0,0,0,0,0,1,0,1,0,0,0,0,0,1,0,0,0,0,0,0,0,0,0,3,0,0,2,280,180,0,90,70,1000,700,0,0,50,50,50,1,1,5.003,4.979,0.006,-1.693,2.943,2.7
20200213184337905_00267090_0_89.csv,20200213184337927_00267091_1_623.jpg,20200213184337905_00267090_0_89.jpg,1043,483,1,0,0,0,0,0,0,1,1,0,0,0,0,0,1,0,0,0,0,0,0,0,0,0,4,0,0,2,280,180,0,90,70,1000,700,0,0,50,50,50,1,1,5.016,4.999,0.002,-1.713,2.935,2.596
20200213184618186_00273864_0_158.csv,20200213184618211_00273865_1_1107.jpg,20200213184618186_00273864_0_158.jpg,1043,490,1,0,0,0,1,0,0,0,1,0,0,0,0,0,1,0,0,0,0,0,0,0,0,0,1,0,0,2,280,180,0,88,70,1000,700,0,0,50,50,50,1,1,0.002,0.003,0.002,-1.856,1.909,2.224
20200213184631461_00274425_0_168.csv,20200213184631485_00274426_1_1177.jpg,20200213184631461_00274425_0_168.jpg,1043,484,1,0,0,0,0,1,0,0,1,0,0,0,0,0,1,0,0,0,0,0,0,0,0,0,2,0,0,2,280,180,0,91,70,1000,700,0,0,50,50,50,1,1,4.995,4.999,0,-1.875,2.899,2.772
20200213185410909_00293841_0_86.csv,20200213185410934_00293842_1_608.jpg,20200213185410909_00293841_0_86.jpg,1043,476,1,0,0,1,0,0,0,0,1,0,0,0,0,0,0,0,0,0,1,0,0,0,0,0,0,0,4,2,280,180,0,90,70,1000,700,0,0,50,50,50,1,1,0.013,-0.002,0.002,-2.314,2.938,2.599
20200213185456789_00295779_0_70.csv,20200213185456813_00295780_1_495.jpg,20200213185456789_00295779_0_70.jpg,1043,474,0,0,1,1,0,0,0,0,1,0,0,0,0,0,1,0,0,0,0,0,0,0,0,2,0,0,0,2,280,180,0,89,70,1000,700,0,0,50,50,50,1,1,4.98,0.001,5.002,-2.359,2.94,2.629
20200214162015608_00005241_0_111.csv,20200214162015631_00005242_1_782.jpg,20200214162015608_00005241_0_111.jpg,986,475,1,0,0,1,0,0,0,0,1,0,0,0,0,0,0,0,0,0,1,0,0,0,0,0,0,0,4,0,270,180,0,87,65,1100,800,0,0,50,50,50,1,1,5.002,0.003,5.001,-0.834,2.842,2.523
20200214162042160_00006363_0_178.csv,20200214162042184_00006364_1_1250.jpg,20200214162042160_00006363_0_178.jpg,986,477,1,0,0,0,1,0,0,0,1,0,0,0,0,0,1,0,0,0,0,0,0,0,0,0,1,0,0,0,270,180,0,87,65,1100,800,0,0,50,50,50,1,1,-0.017,0.002,-0.002,-0.858,1.926,2.177
20200214162505753_00017502_0_79.csv,20200214162505776_00017503_1_555.jpg,20200214162505753_00017502_0_79.jpg,986,483,1,0,0,1,0,0,0,0,1,0,0,0,0,0,1,0,0,0,0,0,0,0,0,0,0,0,0,0,270,180,0,87,65,1100,800,0,0,50,50,50,1,1,4.998,-0.002,5,-1.082,2.848,2.425
20200214162512064_00017769_0_129.csv,20200214162512089_00017770_1_903.jpg,20200214162512064_00017769_0_129.jpg,986,490,1,0,0,1,0,0,0,0,1,0,0,0,0,0,0,0,0,1,0,0,0,0,0,0,0,0,3,0,270,180,0,88,65,1100,800,0,0,50,50,50,1,1,0.003,-0.002,-0.002,-1.086,1.913,2.171
20200214162640713_00021516_0_75.csv,20200214162640736_00021517_1_526.jpg,20200214162640713_00021516_0_75.jpg,986,489,0,1,0,1,0,0,0,0,1,0,0,0,0,0,1,0,0,0,0,0,0,0,0,1,0,0,0,0,270,180,0,89,65,1100,800,0,0,50,50,50,1,1,4.998,5.018,0.004,-1.171,2.851,2.447
20200214162853525_00027129_0_93.csv,20200214162853552_00027130_1_3944.jpg,20200214162853525_00027129_0_93.jpg,986,476,1,0,0,1,0,0,0,0,1,0,0,0,0,0,1,0,0,0,0,0,0,0,0,0,0,0,0,0,270,180,0,89,65,1100,800,0,0,50,50,50,1,1,4.992,0.01,5.001,-1.291,2.842,2.513
20200214162900763_00027435_0_87.csv,20200214162900786_00027436_1_609.jpg,20200214162900763_00027435_0_87.jpg,986,476,1,0,0,1,0,0,0,0,1,0,0,0,0,0,1,0,0,0,0,0,0,0,0,0,0,0,0,0,270,180,0,89,65,1100,800,0,0,50,50,50,1,1,5.006,4.998,0.013,-1.291,2.841,2.498
20200214163218103_00035775_0_204.csv,20200214163218128_00035776_1_1433.jpg,20200214163218103_00035775_0_204.jpg,986,488,1,0,0,0,0,1,0,0,1,0,0,0,0,0,1,0,0,0,0,0,0,0,0,0,2,0,0,0,270,180,0,89,65,1100,800,0,0,50,50,50,1,1,-0.002,-0.005,-0.001,-1.465,1.9,2.282
